Name,Domains,Notes,Attachments
Алтайский край,"akstat.gks.ru,tu22.rosim.ru,tu22.old.rosim.ru,altai-krai.arbitr.ru,22.fsin.su,www.22.fsin.su,r22.fss.ru,www.altai-terr.izbirkom.ru,www.altai_terr.izbirkom.ru,22.mchs.gov.ru,www.22.mchs.gov.ru,to22.minjust.ru,alt.msudrf.ru,biysk2.alt.msudrf.ru,biysk5.alt.msudrf.ru,biysk9.alt.msudrf.ru,blag1.alt.msudrf.ru,habrn.alt.msudrf.ru,ind2.alt.msudrf.ru,ind5.alt.msudrf.ru,ind7.alt.msudrf.ru,ind9.alt.msudrf.ru,len1.alt.msudrf.ru,len2.alt.msudrf.ru,okt1.alt.msudrf.ru,okt2.alt.msudrf.ru,rubcovsk3.alt.msudrf.ru,ship2.alt.msudrf.ru,zd3.alt.msudrf.ru,22.mvd.ru,altai.19.mvd.ru,altay.roskazna.ru,22.sledcom.ru,msh.22.mvd.ru,www.22.mvd.ru,altai-krai.sledcom.ru,alt.ssrf.ru,aleysky.alt.sudrf.ru,altaisky.alt.sudrf.ru,biysky.alt.sudrf.ru,celinniy.alt.sudrf.ru,centralny.alt.sudrf.ru,egorevsky.alt.sudrf.ru,kalmansky.alt.sudrf.ru,kamensky.alt.sudrf.ru,kulundinsky.alt.sudrf.ru,kytmanovsky.alt.sudrf.ru,leninsky.alt.sudrf.ru,mamontovsky.alt.sudrf.ru,novaltaisky.alt.sudrf.ru,pavlovsky.alt.sudrf.ru,rebrihinsky.alt.sudrf.ru,rodinsky.alt.sudrf.ru,romanovsky.alt.sudrf.ru,rubtcovsky.alt.sudrf.ru,slavgorodsky.alt.sudrf.ru,soltonsky.alt.sudrf.ru,tabunsky.alt.sudrf.ru,talmensky.alt.sudrf.ru,ukalmansky.alt.sudrf.ru,usd.alt.sudrf.ru,zalesovsky.alt.sudrf.ru,zavialovsky.alt.sudrf.ru,kraevoy.alt.sudrf.ru,www.altai_terr.vybory.izbirkom.ru",,
Амурская область,"amuras.arbitr.ru,www.amur.fas.gov.ru,28.fsin.su,www.r28.fss.ru,amurstat.gks.ru,amur.izbirkom.ru,www.amur.izbirkom.ru,28.mchs.gov.ru,www.28.mchs.gov.ru,to28.minjust.ru,amr.msudrf.ru,bel1.amr.msudrf.ru,28.mvd.ru,koms.27.mvd.ru,msch.28.mvd.ru,tu28.rosim.ru,tu28.old.rosim.ru,amur.roskazna.ru,amur.sledcom.ru,blag-gs.amr.sudrf.ru,oblsud.amr.sudrf.ru,serishevskiy.amr.sudrf.ru,tindinskiy.amr.sudrf.ru,zeiskiy.amr.sudrf.ru,sgvs.amr.sudrf.ru,blag1.amr.msudrf.ru,blag5.amr.msudrf.ru,amur.fsb.ru,www.amur.fsb.ru,www.amur.vybory.izbirkom.ru",,
Архангельская область,"arhangelsk.arbitr.ru,arhangelsk.fas.gov.ru,29.fsin.su,www.29.fsin.su,r29.fss.ru,www.r29.fss.ru,arhangelskstat.gks.ru,www.arkhangelsk.izbirkom.ru,29.mchs.gov.ru,www.29.mchs.gov.ru,to29.minjust.ru,10svd.arh.msudrf.ru,1ic.arh.msudrf.ru,1okt.arh.msudrf.ru,1pls.arh.msudrf.ru,1vf.arh.msudrf.ru,2hlm.arh.msudrf.ru,2kor.arh.msudrf.ru,2okt.arh.msudrf.ru,2sol.arh.msudrf.ru,3okt.arh.msudrf.ru,4lmn.arh.msudrf.ru,arh.msudrf.ru,mao.arh.msudrf.ru,29.mvd.ru,msh.29.mvd.ru,arhangelsk.roskazna.ru,fbuz29.rospotrebnadzor.ru,ark.ssrf.ru,kotlasgrsud.arh.sudrf.ru,lomonosovsky.arh.sudrf.ru,mirnsud.arh.sudrf.ru,oblsud.arh.sudrf.ru,oktsud.arh.sudrf.ru,primsud.arh.sudrf.ru,seversud.arh.sudrf.ru,sudis.arh.sudrf.ru,usd.arh.sudrf.ru,ustyansud.arh.sudrf.ru,velsksud.arh.sudrf.ru,vinogsud.arh.sudrf.ru,29.sledcom.ru,arh.sledcom.ru,tu29.old.rosim.ru,tu29.rosim.ru,vmgvs.arh.sudrf.ru,mru29.fmbaros.ru,r29.fssprus.ru,29.gibdd.ru,www.29.rospotrebnadzor.ru,29.rospotrebnadzor.ru,29.rkn.gov.ru,deti.r29.nalog.ru,ugadn2983.tu.rostransnadzor.ru,git29.rostrud.ru,www.git29.rostrud.ru,29.rpn.gov.ru,www.arkhangelsk.vybory.izbirkom.ru",,
Астраханская область,"astrahan.arbitr.ru,astrahan.fas.gov.ru,astrahan.roskazna.ru,astrakhan.zapoved.ru,astrakhan.izbirkom.ru,www.astrakhan.izbirkom.ru,www.astrakhan.vybory.izbirkom.ru,30.fsin.su,www.30.fsin.su,r30.fss.ru,astrastat.gks.ru,30.mchs.gov.ru,kir2.ast.msudrf.ru,kir3.ast.msudrf.ru,kir6.ast.msudrf.ru,kmz2.ast.msudrf.ru,len3.ast.msudrf.ru,len4.ast.msudrf.ru,len5.ast.msudrf.ru,priv1.ast.msudrf.ru,sov1.ast.msudrf.ru,sov2.ast.msudrf.ru,sov4.ast.msudrf.ru,sov5.ast.msudrf.ru,sov6.ast.msudrf.ru,sov7.ast.msudrf.ru,30.mvd.ru,asvu.mvd.ru,tu30.rosim.ru,30.rospotrebnadzor.ru,30.sledcom.ru,astr.sledcom.ru,ast.ssrf.ru,ahtubinsky.ast.sudrf.ru,ikryaninsky.ast.sudrf.ru,kamizyaksky.ast.sudrf.ru,kirovsky.ast.sudrf.ru,leninsky.ast.sudrf.ru,limansky.ast.sudrf.ru,narimanovsky.ast.sudrf.ru,sovetsky.ast.sudrf.ru,trusovsky.ast.sudrf.ru,volodarsky.ast.sudrf.ru,to30.minjust.ru",,
Белгородская область,"belgorod.sledcom.ru,belgorod.arbitr.ru,el.belgorod.arbitr.ru,belgorod.roskazna.ru,old.belgorod.roskazna.ru,belgorod.izbirkom.ru,www.belgorod.izbirkom.ru,www.belgorod.vybory.izbirkom.ru,31.fsin.su,www.31.fsin.su,r31.fss.ru,belg.gks.ru,31.mchs.gov.ru,www.31.mchs.gov.ru,to31.minjust.ru,alex2.blg.msudrf.ru,belgr1.blg.msudrf.ru,blg.msudrf.ru,stosk1.blg.msudrf.ru,stosk11.blg.msudrf.ru,stosk2.blg.msudrf.ru,stosk3.blg.msudrf.ru,stosk4.blg.msudrf.ru,stosk6.blg.msudrf.ru,stoskr1.blg.msudrf.ru,valuiki4.blg.msudrf.ru,volokon1.blg.msudrf.ru,vostok5.blg.msudrf.ru,yakovlevo1.blg.msudrf.ru,zapad7.blg.msudrf.ru,31.mvd.ru,belui.mvd.ru,msch.31.mvd.ru,tu31.rosim.ru,tu31.old.rosim.ru,31.sledcom.ru,31.rospotrebnadzor.ru,www.bel.parliament.gov.ru,usd.blg.sudrf.ru,sverdlovsky.blg.sudrf.ru,yakovlensky.blg.sudrf.ru,starooskolskygor.blg.sudrf.ru,rovensky.blg.sudrf.ru,prohorovsky.blg.sudrf.ru,oblsud.blg.sudrf.ru,krasnogvardeisky.blg.sudrf.ru,gubkinsky.blg.sudrf.ru,alekseevsky.blg.sudrf.ru,bel.ssrf.ru,bel.parliament.gov.ru,www.pfrf.ru,40gvs.blg.sudrf.ru,ic.31.mvd.ru,31.rkn.gov.ru,www.31.rospotrebnadzor.ru,ugadn31.tu.rostransnadzor.ru,ugadn4312.tu.rostransnadzor.ru,git31.rostrud.ru,r31.fssprus.ru,www.r31.fssprus.ru,31.gosuslugi.ru,mru31.fmbaros.ru,ru31.fmbaros.ru,docs.parliament.gov.ru",,
Брянская область,"bryansk.32.mvd.ru,bryansk.gks.ru,bryansk.sledcom.ru,bryansk.arbitr.ru,www.bryansk.arbitr.ru,bryansk.fas.gov.ru,bryansk.roskazna.ru,old.bryansk.roskazna.ru,bryansk.izbirkom.ru,www.bryansk.vybory.izbirkom.ru,32.fsin.su,www.32.fsin.su,32.mchs.gov.ru,to32.minjust.ru,11.brj.msudrf.ru,21.brj.msudrf.ru,62.brj.msudrf.ru,76.brj.msudrf.ru,32.mvd.ru,bf.vipk.mvd.ru,br.32.mvd.ru,msch.32.mvd.ru,32.rkn.gov.ru,tu32.rosim.ru,tu32.old.rosim.ru,32.rospotrebnadzor.ru,www.32.rospotrebnadzor.ru,32.sledcom.ru,bry.ssrf.ru,brasovsky.brj.sudrf.ru,gvs.brj.sudrf.ru,volodarsky.brj.sudrf.ru,vigonichsky.brj.sudrf.ru,unechsky.brj.sudrf.ru,sovetsky.brj.sudrf.ru,sevsky.brj.sudrf.ru,oblsud.brj.sudrf.ru,navlinsky.brj.sudrf.ru,klimovsky.brj.sudrf.ru,fokinsky.brj.sudrf.ru,briansky.brj.sudrf.ru,mglinsky.brj.sudrf.ru,tu40.rosim.ru",,
Владимирская область,"tu33.rosim.ru,vladimir.arbitr.ru,www.vladimir.arbitr.ru,vladimir.fas.gov.ru,33.fsin.su,www.33.fsin.su,www.vui.fsin.su,33.fsvps.ru,vladimirstat.gks.ru,vladimir.izbirkom.ru,www.vladimir.izbirkom.ru,33.mchs.gov.ru,www.33.mchs.gov.ru,to33.minjust.ru,33.mvd.ru,msh.33.mvd.ru,tu33.old.rosim.ru,vladimir.roskazna.ru,33.rospotrebnadzor.ru,33.sledcom.ru,vladimir.sledcom.ru,vla.ssrf.ru,len1.wld.msudrf.ru,len2.wld.msudrf.ru,len3.wld.msudrf.ru,len4.wld.msudrf.ru,len5.wld.msudrf.ru,len6.wld.msudrf.ru,oct3.wld.msudrf.ru,muromsky.wld.sudrf.ru,frunzensky.wld.sudrf.ru,gorohovecky.wld.sudrf.ru,kameshkovsky.wld.sudrf.ru,kolchuginsky.wld.sudrf.ru,leninsky.wld.sudrf.ru,oblsud.wld.sudrf.ru,oktiabrsky.wld.sudrf.ru,selivanovsky.wld.sudrf.ru,sobinsky.wld.sudrf.ru,suzdalsky.wld.sudrf.ru,usd.wld.sudrf.ru,viaznikovsky.wld.sudrf.ru,95gvs.wld.sudrf.ru,sel1.wld.msudrf.ru,aleks1.wld.msudrf.ru,aleks6.wld.msudrf.ru,kir1.wld.msudrf.ru,kov1.wld.msudrf.ru",,
Волгоградская область,"volgograd.arbitr.ru,www.volgograd.arbitr.ru,volgograd.fas.gov.ru,34.fsin.su,www.34.fsin.su,volgastat.gks.ru,www.volgograd.izbirkom.ru,34.mchs.gov.ru,www.34.mchs.gov.ru,to34.minjust.ru,100.vol.msudrf.ru,107.vol.msudrf.ru,109.vol.msudrf.ru,113.vol.msudrf.ru,118.vol.msudrf.ru,119.vol.msudrf.ru,120.vol.msudrf.ru,137.vol.msudrf.ru,140.vol.msudrf.ru,143.vol.msudrf.ru,26.vol.msudrf.ru,27.vol.msudrf.ru,40.vol.msudrf.ru,60.vol.msudrf.ru,75.vol.msudrf.ru,84.vol.msudrf.ru,85.vol.msudrf.ru,89.vol.msudrf.ru,96.vol.msudrf.ru,34.mvd.ru,msch.34.mvd.ru,umvd.34.mvd.ru,va.mvd.ru,tu34.rosim.ru,tu34.old.rosim.ru,volgograd.roskazna.ru,71.vol.msudrf.ru,34.rospotrebnadzor.ru,34.sledcom.ru,volgograd.sledcom.ru,vgg.ssrf.ru,buk.vol.sudrf.ru,chern.vol.sudrf.ru,frol.vol.sudrf.ru,kalah.vol.sudrf.ru,kam.vol.sudrf.ru,kir.vol.sudrf.ru,kotel.vol.sudrf.ru,kotov.vol.sudrf.ru,krasn.vol.sudrf.ru,krokt.vol.sudrf.ru,krslob.vol.sudrf.ru,kum.vol.sudrf.ru,lenin.vol.sudrf.ru,mihal.vol.sudrf.ru,novan.vol.sudrf.ru,novnin.vol.sudrf.ru,oblsud.vol.sudrf.ru,rudn.vol.sudrf.ru,seraf.vol.sudrf.ru,sov.vol.sudrf.ru,starop.vol.sudrf.ru,surov.vol.sudrf.ru,svetl.vol.sudrf.ru,urup.vol.sudrf.ru,usd.vol.sudrf.ru,vor.vol.sudrf.ru,zent.vol.sudrf.ru,alekseevka.34.mvd.ru",,
Вологодская область,"vologda.arbitr.ru,www.vologda.arbitr.ru,vologda.fas.gov.ru,vipe.fsin.su,www.35.fsin.su,www.vipe.fsin.su,vologdastat.gks.ru,vologod.izbirkom.ru,www.vologod.izbirkom.ru,35.mchs.gov.ru,www.35.mchs.gov.ru,to35.minjust.ru,35.mvd.ru,msh.35.mvd.ru,tu35.rosim.ru,vologodskaya.roskazna.ru,35.rospotrebnadzor.ru,35.sledcom.ru,vologda.sledcom.ru,vlg.ssrf.ru,babaevsky.vld.sudrf.ru,belozersky.vld.sudrf.ru,cherepoveckygor.vld.sudrf.ru,griazovecky.vld.sudrf.ru,kirillovsky.vld.sudrf.ru,nikolsky.vld.sudrf.ru,oblsud.vld.sudrf.ru,sheksninsky.vld.sudrf.ru,totemsky.vld.sudrf.ru,usd.vld.sudrf.ru,vashkinsky.vld.sudrf.ru,vologodsky.vld.sudrf.ru,vologodskygor.vld.sudrf.ru,68.vld.msudrf.ru,60.vld.msudrf.ru,56.vld.msudrf.ru,25.vld.msudrf.ru,29.rpn.gov.ru,www.vologod.vybory.izbirkom.ru",,
Воронежская область,"voronej.arbitr.ru,voronezh.fas.gov.ru,vi.fsin.su,www.36.fsin.su,voronezhstat.gks.ru,voronezh.izbirkom.ru,www.voronezh.izbirkom.ru,36.mchs.gov.ru,to36.minjust.ru,borisogl1.vrn.msudrf.ru,borisogl4.vrn.msudrf.ru,centr3.vrn.msudrf.ru,centr4.vrn.msudrf.ru,ertil2.vrn.msudrf.ru,komintern12.vrn.msudrf.ru,komintern2.vrn.msudrf.ru,komintern3.vrn.msudrf.ru,komintern4.vrn.msudrf.ru,komintern5.vrn.msudrf.ru,komintern6.vrn.msudrf.ru,komintern8.vrn.msudrf.ru,komintern9.vrn.msudrf.ru,leninsky3.vrn.msudrf.ru,leninsky4.vrn.msudrf.ru,levober2.vrn.msudrf.ru,levober4.vrn.msudrf.ru,levober6.vrn.msudrf.ru,levober7.vrn.msudrf.ru,liski4.vrn.msudrf.ru,repievk1.vrn.msudrf.ru,sovetsk3.vrn.msudrf.ru,zhelezn1.vrn.msudrf.ru,zhelezn3.vrn.msudrf.ru,36.mvd.ru,msh.36.mvd.ru,vi.mvd.ru,tu36.rosim.ru,tu36.old.rosim.ru,voronezh.roskazna.ru,36.sledcom.ru,voronezh.sledcom.ru,vor.ssrf.ru,borisoglebsky.vrn.sudrf.ru,centralny.vrn.sudrf.ru,kashirsky.vrn.sudrf.ru,lensud.vrn.sudrf.ru,liskinsky.vrn.sudrf.ru,oblsud.vrn.sudrf.ru,sovetsky.vrn.sudrf.ru,zheleznodorozhny.vrn.sudrf.ru,www.voronezh.vybory.izbirkom.ru",,
Еврейская автономная область,"habstat.gks.ru,eao.sledcom.ru,khabkray.sledcom.ru,tu27.rosim.ru,to27.minjust.ru,eao.arbitr.ru,79.fsin.su,www.79.fsin.su,r79.fss.ru,79.mchs.gov.ru,www.79.mchs.gov.ru,79.mvd.ru,msch.79.mvd.ru,tu79.rosim.ru,birobidzhan.roskazna.ru,yev.ssrf.ru,leninsky.brb.sudrf.ru,os.brb.sudrf.ru,www.jewish-aut.izbirkom.ru,www.jewish_aut.izbirkom.ru,rpn.79.rospotrebnadzor.ru,r79.fssprus.ru,momvd.79.mvd.ru,movd.79.mvd.ru,79.rospotrebnadzor.ru,git79.rostrud.ru,79.rpn.gov.ru",,
Забайкальский край,"chita.arbitr.ru,75.fsin.su,www.75.fsin.su,r75.fss.ru,chita.gks.ru,75.mchs.gov.ru,www.75.mchs.gov.ru,to75.minjust.ru,15.zbk.msudrf.ru,56.zbk.msudrf.ru,67.zbk.msudrf.ru,75.mvd.ru,msch.75.mvd.ru,zbut.mvd.ru,ingoda.cht.sudrf.ru,chara.cht.sudrf.ru,centr.cht.sudrf.ru,borzya.cht.sudrf.ru,baley.cht.sudrf.ru,aginsky.abao.sudrf.ru,zab.ssrf.ru,zabaykalye.sledcom.ru,75.sledcom.ru,75.rospotrebnadzor.ru,chita.roskazna.ru,tu75.old.rosim.ru,tu75.rosim.ru,karymsk.cht.sudrf.ru,kira.cht.sudrf.ru,nerchinsk.cht.sudrf.ru,nerzav.cht.sudrf.ru,oblsud.cht.sudrf.ru,olov.cht.sudrf.ru,petrovskzab.cht.sudrf.ru,shilka.cht.sudrf.ru,sretensk.cht.sudrf.ru,zabaykalsk.cht.sudrf.ru,1.zbk.msudrf.ru,12.zbk.msudrf.ru,chsvu.mvd.ru,75.gosuslugi.ru,www.r75.fssprus.ru,r75.fssprus.ru,www.to75.rosreestr.ru,pda.www.to75.rosreestr.ru,ugadn75.tu.rostransnadzor.ru,git75.rostrud.ru,75.rpn.gov.ru,29.zbk.msudrf.ru,www.zabkray.izbirkom.ru,zabkray.izbirkom.ru,www.zabkray.vybory.izbirkom.ru",,
Ивановская область,"ivanovo.arbitr.ru,www.ivanovo.arbitr.ru,ivanovo.fas.gov.ru,37.fsin.su,www.37.fsin.su,ivanovo.gks.ru,ivanovo.izbirkom.ru,www.ivanovo.izbirkom.ru,37.mchs.gov.ru,www.37.mchs.gov.ru,to37.minjust.ru,frunz1.iwn.msudrf.ru,frunz2.iwn.msudrf.ru,frunz3.iwn.msudrf.ru,frunz4.iwn.msudrf.ru,kineshma2.iwn.msudrf.ru,novotal2.iwn.msudrf.ru,okt5.iwn.msudrf.ru,sov1.iwn.msudrf.ru,yur1.iwn.msudrf.ru,37.mvd.ru,tu33.rosim.ru,tu37.rosim.ru,tu37.old.rosim.ru,ivanovskaya.roskazna.ru,37.sledcom.ru,ivanovo.sledcom.ru,iva.ssrf.ru,yurjevetsky.iwn.sudrf.ru,yuzhsky.iwn.sudrf.ru,zavolzhsky.iwn.sudrf.ru,kineshemsky.iwn.sudrf.ru,komsomolsky.iwn.sudrf.ru,leninsky.iwn.sudrf.ru,lezhnevsky.iwn.sudrf.ru,oktyabrsky.iwn.sudrf.ru,privolzhsky.iwn.sudrf.ru,puchezhsky.iwn.sudrf.ru,rodnikovsky.iwn.sudrf.ru,shuisky.iwn.sudrf.ru,teikovsky.iwn.sudrf.ru,usd.iwn.sudrf.ru,furmanovsky.iwn.sudrf.ru,ivanovsky.iwn.sudrf.ru,www.ivanovo.vybory.izbirkom.ru",,
Иркутская область,"irkutsk.mid.ru,irkutskstat.gks.ru,irkutsk.arbitr.ru,irkutsky.irk.sudrf.ru,irkutsk.roskazna.ru,old.irkutsk.roskazna.ru,irkutsk.izbirkom.ru,www.irkutsk.izbirkom.ru,www.irkutsk.vybory.izbirkom.ru,38.fsin.su,www.38.fsin.su,r38.fss.ru,38.mchs.gov.ru,www.38.mchs.gov.ru,to38.minjust.ru,100.irk.msudrf.ru,12.irk.msudrf.ru,18.irk.msudrf.ru,2.irk.msudrf.ru,22.irk.msudrf.ru,3.irk.msudrf.ru,64.irk.msudrf.ru,38.mvd.ru,www.38.mvd.ru,88.irk.msudrf.ru,kirovsky.irk.sudrf.ru,leninsky.irk.sudrf.ru,kachugsky.irk.sudrf.ru,oblsud.irk.sudrf.ru,oktiabrsky.irk.sudrf.ru,sayansky.irk.sudrf.ru,sludiansky.irk.sudrf.ru,usd.irk.sudrf.ru,usolsky.irk.sudrf.ru,ust-kutsky.irk.sudrf.ru,zalarinsky.irk.sudrf.ru,angarsky.irk.sudrf.ru,bratski.irk.sudrf.ru,bratsky.irk.sudrf.ru,cheremhovsky.irk.sudrf.ru,tu38.rosim.ru,tu38.old.rosim.ru,38.sledcom.ru,irk.sledcom.ru,irk.ssrf.ru,31.irk.msudrf.ru",,
Кабардино-Балкарская Республика,"askb.arbitr.ru,kbr.fas.gov.ru,07.fsin.su,www.07.fsin.su,07.mchs.gov.ru,to07.minjust.ru,kbr.msudrf.ru,07.mvd.ru,msch.07.mvd.ru,tu07.rosim.ru,tu07.old.rosim.ru,kabardino-balkaria.roskazna.ru,07.rospotrebnadzor.ru,www.07.rospotrebnadzor.ru,07.sledcom.ru,kbr.sledcom.ru,kb.ssrf.ru,www.kabardin-balkar.izbirkom.ru,www.kabardin-balkar.vybory.izbirkom.ru",,
Калининградская область,"kaliningrad.arbitr.ru,koblt.customs.ru,r39.fss.ru,kaliningrad.gks.ru,kaliningrad.izbirkom.ru,www.kaliningrad.izbirkom.ru,39.mchs.gov.ru,www.39.mchs.gov.ru,to39.minjust.ru,bagrms1.kln.msudrf.ru,baltgms2.kln.msudrf.ru,centms1.kln.msudrf.ru,centms2.kln.msudrf.ru,centms3.kln.msudrf.ru,centms4.kln.msudrf.ru,centms5.kln.msudrf.ru,centms6.kln.msudrf.ru,gurms1.kln.msudrf.ru,lenms1.kln.msudrf.ru,lenms3.kln.msudrf.ru,lenms6.kln.msudrf.ru,kln.msudrf.ru,moskms1.kln.msudrf.ru,moskms2.kln.msudrf.ru,moskms3.kln.msudrf.ru,moskms4.kln.msudrf.ru,moskms5.kln.msudrf.ru,moskms6.kln.msudrf.ru,moskms7.kln.msudrf.ru,sovetms1.kln.msudrf.ru,sovetms2.kln.msudrf.ru,svetgms2.kln.msudrf.ru,svetlms.kln.msudrf.ru,39.mvd.ru,klif.univer.mvd.ru,msch.39.mvd.ru,tu39.rosim.ru,tu39.old.rosim.ru,kaliningrad.roskazna.ru,39.rospotrebnadzor.ru,39.sledcom.ru,kld.sledcom.ru,kgd.ssrf.ru,centralny.kln.sudrf.ru,leningradsky.kln.sudrf.ru,moskovsky.kln.sudrf.ru,nemansky.kln.sudrf.ru,oblsud.kln.sudrf.ru,polessky.kln.sudrf.ru,sovetsky.kln.sudrf.ru,usd.kln.sudrf.ru,zelenogradsky.kln.sudrf.ru,baltovs.kln.sudrf.ru,websbor.kaliningrad.gks.ru",,
Калужская область,"kirovsky.klg.sudrf.ru,oblsud.klg.sudrf.ru,suxinichsky.klg.sudrf.ru,usd.klg.sudrf.ru,dzerzhinsky.klg.sudrf.ru,kaluga.klg.sudrf.ru,10.klg.msudrf.ru,1.klg.msudrf.ru,11.klg.msudrf.ru,12.klg.msudrf.ru,kaluga.arbitr.ru,40.fsin.su,kalugastat.gks.ru,kaluga.izbirkom.ru,www.kaluga.izbirkom.ru,40.mchs.gov.ru,www.40.mchs.gov.ru,to40.minjust.ru,15.klg.msudrf.ru,16.klg.msudrf.ru,3.klg.msudrf.ru,4.klg.msudrf.ru,50.klg.msudrf.ru,51.klg.msudrf.ru,6.klg.msudrf.ru,7.klg.msudrf.ru,40.mvd.ru,msch.40.mvd.ru,tu40.rosim.ru,tu40.old.rosim.ru,kaluga.roskazna.ru,40.rospotrebnadzor.ru,40.sledcom.ru,kaluga.sledcom.ru,klu.ssrf.ru",,
Камчатский край,"kamchatka.arbitr.ru,kamchatka.fas.gov.ru,41.fsin.su,www.41.fsin.su,kamstat.gks.ru,www.kamchatka_krai.izbirkom.ru,41.mchs.gov.ru,www.41.mchs.gov.ru,to41.minjust.ru,1.kmch.msudrf.ru,3.kmch.msudrf.ru,7.kmch.msudrf.ru,41.mvd.ru,msch.41.mvd.ru,tu41.rosim.ru,tu41.old.rosim.ru,kamchatka.roskazna.ru,kamchatka.sledcom.ru,kam.ssrf.ru,oblsud.kam.sudrf.ru,p-kamchatsky.kam.sudrf.ru,sobolevsky.kam.sudrf.ru,penzhinsky.kor.sudrf.ru,oblsud.kor.sudrf.ru,35gvs.kam.sudrf.ru,24.kmch.msudrf.ru",,
Карачаево-Черкесская республика,"askchr.arbitr.ru,09.fsin.su,www.09.fsin.su,r09.fss.ru,09.mchs.gov.ru,www.09.mchs.gov.ru,to09.minjust.ru,09.mvd.ru,msh.09.mvd.ru,tu09.rosim.ru,karachaevocherkessia.roskazna.ru,09.rospotrebnadzor.ru,09.sledcom.ru,kchr.sledcom.ru,kc.ssrf.ru,adige-hablsky.kchr.sudrf.ru,cherkessky.kchr.sudrf.ru,urupsky.kchr.sudrf.ru,vs.kchr.sudrf.ru,www.karachaev-cherkess.izbirkom.ru",,
Кемеровская область,"kemerovo.arbitr.ru,kemerovo.fas.gov.ru,42.fsin.su,www.42.fsin.su,kemerovostat.gks.ru,service.kemerovostat.gks.ru,42.mchs.gov.ru,www.42.mchs.gov.ru,to42.minjust.ru,0611.kmr.msudrf.ru,0613.kmr.msudrf.ru,0615.kmr.msudrf.ru,0616.kmr.msudrf.ru,0621.kmr.msudrf.ru,0622.kmr.msudrf.ru,0624.kmr.msudrf.ru,0625.kmr.msudrf.ru,0631.kmr.msudrf.ru,0641.kmr.msudrf.ru,0642.kmr.msudrf.ru,0643.kmr.msudrf.ru,0644.kmr.msudrf.ru,0647.kmr.msudrf.ru,0651.kmr.msudrf.ru,0652.kmr.msudrf.ru,0655.kmr.msudrf.ru,0656.kmr.msudrf.ru,2201.kmr.msudrf.ru,42.mvd.ru,msh.42.mvd.ru,tu42.rosim.ru,0103.kmr.msudrf.ru,0203.kmr.msudrf.ru,0204.kmr.msudrf.ru,0206.kmr.msudrf.ru,0207.kmr.msudrf.ru,0302.kmr.msudrf.ru,0501.kmr.msudrf.ru,0703.kmr.msudrf.ru,0801.kmr.msudrf.ru,0803.kmr.msudrf.ru,belovskygor.kmr.sudrf.ru,centralniy.kmr.sudrf.ru,centralny.kmr.sudrf.ru,kaltansky.kmr.sudrf.ru,kemerovsky.kmr.sudrf.ru,leninsky.kmr.sudrf.ru,myskovsky.kmr.sudrf.ru,oblsud.kmr.sudrf.ru,osinnikovsky.kmr.sudrf.ru,rudnichniy.kmr.sudrf.ru,tashtagolsky.kmr.sudrf.ru,tiazhinsky.kmr.sudrf.ru,topkinsky.kmr.sudrf.ru,usd.kmr.sudrf.ru,yaisky.kmr.sudrf.ru,yurginsky.kmr.sudrf.ru,zavodskiy.kmr.sudrf.ru,zavodskoy.kmr.sudrf.ru,zenkovsky.kmr.sudrf.ru,1003.kmr.msudrf.ru,1002.kmr.msudrf.ru,r42.fss.ru,1903.kmr.msudrf.ru,2603.kmr.msudrf.ru,1101.kmr.msudrf.ru,1102.kmr.msudrf.ru,1232.kmr.msudrf.ru,1241.kmr.msudrf.ru,1242.kmr.msudrf.ru,1243.kmr.msudrf.ru,1244.kmr.msudrf.ru,1245.kmr.msudrf.ru,1246.kmr.msudrf.ru,1247.kmr.msudrf.ru,1251.kmr.msudrf.ru,1255.kmr.msudrf.ru,1263.kmr.msudrf.ru,1271.kmr.msudrf.ru,1274.kmr.msudrf.ru,1275.kmr.msudrf.ru,1281.kmr.msudrf.ru,1283.kmr.msudrf.ru,1284.kmr.msudrf.ru,1301.kmr.msudrf.ru,1302.kmr.msudrf.ru,14.lo.msudrf.ru,1521.kmr.msudrf.ru,1401.kmr.msudrf.ru,1522.kmr.msudrf.ru,1524.kmr.msudrf.ru,1526.kmr.msudrf.ru,1541.kmr.msudrf.ru,1591.kmr.msudrf.ru,1802.kmr.msudrf.ru,2501.kmr.msudrf.ru,2601.kmr.msudrf.ru,2602.kmr.msudrf.ru,3101.kmr.msudrf.ru,www.kemerovo.izbirkom.ru",,
Кировская область,"kirov.arbitr.ru,www.kirov.arbitr.ru,kirov.fas.gov.ru,43.fsin.su,kipkr.fsin.su,www.43.fsin.su,www.kipkr.fsin.su,r43.fss.ru,kirovstat.gks.ru,kirov.izbirkom.ru,www.kirov.izbirkom.ru,43.mchs.gov.ru,to43.minjust.ru,13.kir.msudrf.ru,52.kir.msudrf.ru,59.kir.msudrf.ru,70.kir.msudrf.ru,43.mvd.ru,chepetsk.43.mvd.ru,kirov.43.mvd.ru,msch.43.mvd.ru,tu43.rosim.ru,tu43.old.rosim.ru,kirov.roskazna.ru,43.rospotrebnadzor.ru,www.43.rospotrebnadzor.ru,kirov.sledcom.ru,kir.ssrf.ru,kotelnichesky.kir.sudrf.ru,leninsky.kir.sudrf.ru,malmizhsky.kir.sudrf.ru,oktyabrsky.kir.sudrf.ru,slobodskoy.kir.sudrf.ru,uninsky.kir.sudrf.ru,usd.kir.sudrf.ru",,
Костромская область,"tu33.rosim.ru,kostroma.arbitr.ru,44.fsin.su,www.44.fsin.su,r44.fss.ru,kostroma.gks.ru,www.kostroma.izbirkom.ru,44.mchs.gov.ru,www.kostroma.meteorf.ru,to44.minjust.ru,1.kst.msudrf.ru,10.kst.msudrf.ru,11.kst.msudrf.ru,12.kst.msudrf.ru,13.kst.msudrf.ru,14.kst.msudrf.ru,15.kst.msudrf.ru,17.kst.msudrf.ru,18.kst.msudrf.ru,2.kst.msudrf.ru,3.kst.msudrf.ru,32.kst.msudrf.ru,36.kst.msudrf.ru,4.kst.msudrf.ru,5.kst.msudrf.ru,6.kst.msudrf.ru,7.kst.msudrf.ru,8.kst.msudrf.ru,9.kst.msudrf.ru,kst.msudrf.ru,44.mvd.ru,msch.44.mvd.ru,tu44.rosim.ru,tu44.old.rosim.ru,kostroma.roskazna.ru,44.sledcom.ru,kostroma.sledcom.ru,kos.ssrf.ru,34.kst.msudrf.ru,35.kst.msudrf.ru,42.kst.msudrf.ru,galichsky.kst.sudrf.ru,kadiysky.kst.sudrf.ru,kologrivsky.kst.sudrf.ru,kostromskoy.kst.sudrf.ru,makarievsky.kst.sudrf.ru,mezhevskoy.kst.sudrf.ru,nerehtsky.kst.sudrf.ru,oblsud.kst.sudrf.ru,pavinsky.kst.sudrf.ru,usd.kst.sudrf.ru,sverdlovsky.kst.sudrf.ru,leninsky.kst.sudrf.ru,dimitrovsky.kst.sudrf.ru,chuhlomsky.kst.sudrf.ru,24.kst.msudrf.ru,service.kostroma.gks.ru,sso.kostroma.gks.ru,29.kst.msudrf.ru,31.kst.msudrf.ru,www.12.kst.msudrf.ru,www.13.kst.msudrf.ru,www.14.kst.msudrf.ru,www.15.kst.msudrf.ru,www.17.kst.msudrf.ru,www.18.kst.msudrf.ru,16.kst.msudrf.ru,19.kst.msudrf.ru,20.kst.msudrf.ru,21.kst.msudrf.ru,22.kst.msudrf.ru,23.kst.msudrf.ru,25.kst.msudrf.ru,26.kst.msudrf.ru,27.kst.msudrf.ru,28.kst.msudrf.ru,30.kst.msudrf.ru,33.kst.msudrf.ru,37.kst.msudrf.ru,38.kst.msudrf.ru,40.kst.msudrf.ru,41.kst.msudrf.ru,43.kst.msudrf.ru,44.kst.msudrf.ru,45.kst.msudrf.ru,46.kst.msudrf.ru,47.kst.msudrf.ru,48.kst.msudrf.ru",,
Краснодарский край,"tu23.rosim.ru,krasnodar.arbitr.ru,krasnodar.fas.gov.ru,23.fsin.su,www.23.fsin.su,krsdstat.gks.ru,23.mchs.gov.ru,to23.minjust.ru,msud140.krd.msudrf.ru,msud240.krd.msudrf.ru,msud241.krd.msudrf.ru,msud242.krd.msudrf.ru,msud244.krd.msudrf.ru,msud25.krd.msudrf.ru,msud26.krd.msudrf.ru,msud29.krd.msudrf.ru,msud31.krd.msudrf.ru,msud39.krd.msudrf.ru,msud40.krd.msudrf.ru,msud41.krd.msudrf.ru,msud46.krd.msudrf.ru,msud49.krd.msudrf.ru,msud50.krd.msudrf.ru,msud51.krd.msudrf.ru,msud57.krd.msudrf.ru,msud63.krd.msudrf.ru,23.mvd.ru,kf.krdu.mvd.ru,krasnodar.23.mvd.ru,krdu.mvd.ru,msch.23.mvd.ru,nf.krdu.mvd.ru,nkf.krdu.mvd.ru,sochi.23.mvd.ru,tu23.old.rosim.ru,krasnodar.roskazna.ru,23.rospotrebnadzor.ru,23.sledcom.ru,kuban.sledcom.ru,kda.ssrf.ru,anapa.krd.sudrf.ru,anapa-gor.krd.sudrf.ru,apsheronsk.krd.sudrf.ru,armavir.krd.sudrf.ru,bruxovecky.krd.sudrf.ru,dinskoy.krd.sudrf.ru,eisk-gor.krd.sudrf.ru,gor-kluch.krd.sudrf.ru,gulkevichi.krd.sudrf.ru,gvs.krd.sudrf.ru,kanevskay.krd.sudrf.ru,kavkazsky.krd.sudrf.ru,korenovsk.krd.sudrf.ru,kraevoi.krd.sudrf.ru,krasnoarmeisk.krd.sudrf.ru,krasnodar-oktybrsky.krd.sudrf.ru,krasnodar-prikubansky.krd.sudrf.ru,krasnodar-sovetsky.krd.sudrf.ru,krimsk.krd.sudrf.ru,kurganinsk.krd.sudrf.ru,kushevskoy.krd.sudrf.ru,labins-gor.krd.sudrf.ru,labinsk.krd.sudrf.ru,leningradskay.krd.sudrf.ru,novokubansk.krd.sudrf.ru,otradnensky.krd.sudrf.ru,pavlovsky.krd.sudrf.ru,sherbinovsky.krd.sudrf.ru,slavynsk-gor.krd.sudrf.ru,slavynsky.krd.sudrf.ru,sochi-adler.krd.sudrf.ru,temruksky.krd.sudrf.ru,tuapse.krd.sudrf.ru,usd.krd.sudrf.ru,uspensky.krd.sudrf.ru,viselkovsky.krd.sudrf.ru,krasnodar.cikrf.ru,krasnodar.izbirkom.ru,www.krasnodar.izbirkom.ru,www.krasnodar.vybory.izbirkom.ru,krasnodar.mid.ru,kurgan.23.mvd.ru,krymsk.23.mvd.ru,msud103.krd.msudrf.ru,msud77.krd.msudrf.ru,msud78.krd.msudrf.ru,msud247.krd.msudrf.ru,abinsk.23.mvd.ru,anapa.23.mvd.ru,apsheronsk.23.mvd.ru,armavir.23.mvd.ru,msud102.krd.msudrf.ru,msud75.krd.msudrf.ru,msud79.krd.msudrf.ru,ucfps23.mchs.ru",,
Красноярский край,"krk.sledcom.ru,krasnoyarsk.arbitr.ru,krsk.fas.gov.ru,kras.favt.ru,24.fsin.su,www.24.fsin.su,r24.fss.ru,www.krasnoyarsk.izbirkom.ru,24.mchs.gov.ru,www.24.mchs.gov.ru,to24.minjust.ru,24.mvd.ru,krasnoyarsk.24.mvd.ru,msch.24.mvd.ru,www.24.mvd.ru,tu24.old.rosim.ru,krasnoyarsk.roskazna.ru,24.rospotrebnadzor.ru,www.24.rospotrebnadzor.ru,kya.ssrf.ru,dikson.dud.sudrf.ru,dudinsky.dud.sudrf.ru,hatanga.dud.sudrf.ru,karaul.dud.sudrf.ru,achinsk.krk.sudrf.ru,berez.krk.sudrf.ru,bogotol.krk.sudrf.ru,boguchan.krk.sudrf.ru,centr.krk.sudrf.ru,divnogorsk.krk.sudrf.ru,emel.krk.sudrf.ru,ermak.krk.sudrf.ru,geldor.krk.sudrf.ru,gelgor.krk.sudrf.ru,ilansk.krk.sudrf.ru,irbey.krk.sudrf.ru,kanskgor.krk.sudrf.ru,kirovsk.krk.sudrf.ru,kraevoy.krk.sudrf.ru,kuragino.krk.sudrf.ru,lenins.krk.sudrf.ru,lesosib.krk.sudrf.ru,minusa.krk.sudrf.ru,murta.krk.sudrf.ru,norilsk.krk.sudrf.ru,oktyabr.krk.sudrf.ru,shargor.krk.sudrf.ru,sovet.krk.sudrf.ru,sverdl.krk.sudrf.ru,taseevo.krk.sudrf.ru,ujur.krk.sudrf.ru,usd.krk.sudrf.ru,zelen.krk.sudrf.ru,kuragino.24.mvd.ru,lesosib.24.mvd.ru,minusinsk.24.mvd.ru,krasnoturansk.24.mvd.ru,kazachinskii.24.mvd.ru,kansk.24.mvd.ru,irbey.24.mvd.ru,aban.24.mvd.ru,achinsk.24.mvd.ru,balahta.24.mvd.ru,bogotol.24.mvd.ru,borodino.24.mvd.ru,emelyanovo.24.mvd.ru,enis.24.mvd.ru,nazarovo.24.mvd.ru,norilsk.24.mvd.ru,sharypovo.24.mvd.ru,shushenskoe.24.mvd.ru,taimur.24.mvd.ru,uyar.24.mvd.ru,zelenogorsk.24.mvd.ru,zheleznogorsk.24.mvd.ru,www.to24.rosreestr.ru,ugadn241719.tu.rostransnadzor.ru,git24.rostrud.ru,24reg.roszdravnadzor.ru,24.sledcom.ru,r24.fssprus.ru,www.r24.fssprus.ru,www.krasstat.gks.ru,web.krasstat.gks.ru",,
Курганская область,"kurgan.arbitr.ru,kurgan.fas.gov.ru,45.fsin.su,www.45.fsin.su,tu74.rosim.ru,sverdl.gks.ru,kurgan.izbirkom.ru,www.kurgan.izbirkom.ru,45.mchs.gov.ru,to45.minjust.ru,11.krg.msudrf.ru,13.krg.msudrf.ru,15.krg.msudrf.ru,27.krg.msudrf.ru,37.krg.msudrf.ru,39.krg.msudrf.ru,40.krg.msudrf.ru,42.krg.msudrf.ru,43.krg.msudrf.ru,46.krg.msudrf.ru,47.krg.msudrf.ru,tu45.old.rosim.ru,kurgan.roskazna.ru,45.rospotrebnadzor.ru,www.45.rospotrebnadzor.ru,45.sledcom.ru,kurgan.sledcom.ru,kgn.ssrf.ru,belozersky.krg.sudrf.ru,celinny.krg.sudrf.ru,kargapolsky.krg.sudrf.ru,kataysky.krg.sudrf.ru,kurgansky.krg.sudrf.ru,petuhovsky.krg.sudrf.ru,schuchansky.krg.sudrf.ru,50.krg.msudrf.ru,45.mvd.ru,tu45.rosim.ru,kurganstat.gks.ru",,
Курская область,"kursk.arbitr.ru,46.fsin.su,r46.fss.ru,kurskstat.gks.ru,www.kursk.izbirkom.ru,46.mchs.gov.ru,www.46.mchs.gov.ru,to46.minjust.ru,centr-kursk3.krs.msudrf.ru,zheleznogorsk5.krs.msudrf.ru,46.mvd.ru,kursk-gorod.46.mvd.ru,kurskiy.46.mvd.ru,msch.46.mvd.ru,uvm.46.mvd.ru,tu31.rosim.ru,tu46.rosim.ru,tu31.old.rosim.ru,kursk.roskazna.ru,46.rospotrebnadzor.ru,46.sledcom.ru,kursk.sledcom.ru,krs.ssrf.ru,kirovsky.krs.sudrf.ru,konyshevsky.krs.sudrf.ru,korenevsky.krs.sudrf.ru,kursky.krs.sudrf.ru,lgovsky.krs.sudrf.ru,manturovsky.krs.sudrf.ru,oblsud.krs.sudrf.ru,oboyansky.krs.sudrf.ru,oktiabrsky.krs.sudrf.ru,ponyrovsky.krs.sudrf.ru,pristensky.krs.sudrf.ru,timsky.krs.sudrf.ru,usd.krs.sudrf.ru",,
Ленинградская область,"www.spb.arbitr.ru,78.fsin.su,www.78.fsin.su,petrostat.gks.ru,47.mchs.gov.ru,www.47.mchs.gov.ru,to47.minjust.ru,15.lo.msudrf.ru,17.lo.msudrf.ru,19.lo.msudrf.ru,24.lo.msudrf.ru,25.lo.msudrf.ru,30.lo.msudrf.ru,34.lo.msudrf.ru,len.ssrf.ru,38.lo.msudrf.ru,39.lo.msudrf.ru,42.lo.msudrf.ru,44.lo.msudrf.ru,47.lo.msudrf.ru,51.lo.msudrf.ru,52.lo.msudrf.ru,58.lo.msudrf.ru,60.lo.msudrf.ru,64.lo.msudrf.ru,66.lo.msudrf.ru,70.lo.msudrf.ru,71.lo.msudrf.ru,72.lo.msudrf.ru,74.lo.msudrf.ru,75.lo.msudrf.ru,76.lo.msudrf.ru,80.lo.msudrf.ru,9.lo.msudrf.ru,msud175.krd.msudrf.ru,78.mvd.ru,gatchina.78.mvd.ru,kingisepp.78.mvd.ru,kirishi.78.mvd.ru,kirovsk.78.mvd.ru,leningradskii.23.mvd.ru,lodpole.78.mvd.ru,lomonosov.78.mvd.ru,msh.78.mvd.ru,luga.78.mvd.ru,podpor.78.mvd.ru,priozersk.78.mvd.ru,slanzi.78.mvd.ru,sosn.78.mvd.ru,tihvin.78.mvd.ru,tosno.78.mvd.ru,volhov.78.mvd.ru,volosovo.78.mvd.ru,vsevolozhsk.78.mvd.ru,vyborglo.78.mvd.ru,tu47.rosim.ru,tu47.old.rosim.ru,leningrad.roskazna.ru,47.rospotrebnadzor.ru,lenobl.sledcom.ru,tu78.rosim.ru,kingisepp.lo.sudrf.ru,gatchinsky.lo.sudrf.ru,kirishsky.lo.sudrf.ru,lugasud.lo.sudrf.ru,oblsud.lo.sudrf.ru,slancevsky.lo.sudrf.ru,tosnensky.lo.sudrf.ru,volhovsky.lo.sudrf.ru,vsevgorsud.lo.sudrf.ru,vyborgsky.lo.sudrf.ru,vsev.lo.78.mvd.ru,kir.lo.78.mvd.ru,kirish.lo.78.mvd.ru,king.lo.78.mvd.ru,gtn.lo.78.mvd.ru,leningrad-reg.izbirkom.ru,www.leningrad-reg.izbirkom.ru",,
Липецкая область,"lipetsk.arbitr.ru,lipetsk.fas.gov.ru,www.48.fsin.su,r48.fss.ru,lipstat.gks.ru,lipetsk.izbirkom.ru,www.lipetsk.izbirkom.ru,48.mchs.gov.ru,www.48.mchs.gov.ru,to48.minjust.ru,48.mvd.ru,msh.48.mvd.ru,tu48.rosim.ru,tu48.old.rosim.ru,lipetsk.roskazna.ru,48.rospotrebnadzor.ru,www.48.rospotrebnadzor.ru,48.sledcom.ru,lipetsk.sledcom.ru,lip.ssrf.ru,chapligsud.lpk.sudrf.ru,grjazsud.lpk.sudrf.ru,lebedsud.lpk.sudrf.ru,levsud.lpk.sudrf.ru,lipraisud.lpk.sudrf.ru,oblsud.lpk.sudrf.ru,octsud.lpk.sudrf.ru,pravsud.lpk.sudrf.ru,sovetsud.lpk.sudrf.ru,terbunsud.lpk.sudrf.ru,usd.lpk.sudrf.ru,usmansud.lpk.sudrf.ru,tu68.rosim.ru,sovetsk16.lpk.msudrf.ru",,
Магаданская область,"magadan.arbitr.ru,magadan.fas.gov.ru,www.49.fsin.su,habstat.gks.ru,www.magadan.izbirkom.ru,49.mchs.gov.ru,to49.minjust.ru,1.mag.msudrf.ru,2.mag.msudrf.ru,6.mag.msudrf.ru,49.mvd.ru,msh.49.mvd.ru,tu49.rosim.ru,magadan.roskazna.ru,49.rospotrebnadzor.ru,49.sledcom.ru,magadan.sledcom.ru,mag.ssrf.ru,magadansky.mag.sudrf.ru,oblsud.mag.sudrf.ru",,
Москва,"77.fsin.su,www.77.fsin.su,r77.fss.ru,r77.fssprus.ru,www.77.gibdd.ru,to77.minjust.ru,77.mvd.ru,cao.77.mvd.ru,gsu.77.mvd.ru,kunc.77.mvd.ru,med.77.mvd.ru,metro.77.mvd.ru,omon.77.mvd.ru,sao.77.mvd.ru,svao.77.mvd.ru,szao.77.mvd.ru,tinao.77.mvd.ru,uao.77.mvd.ru,ueb.77.mvd.ru,uvao.77.mvd.ru,uzao.77.mvd.ru,vao.77.mvd.ru,zao.77.mvd.ru,zel.77.mvd.ru,zhensovet.77.mvd.ru,tu77.rosim.ru,tu77.old.rosim.ru,77.rospotrebnadzor.ru,ugadn77.tu.rostransnadzor.ru,git77.rostrud.ru,www.git77.rostrud.ru,www.reg77.roszdravnadzor.ru,77.rpn.gov.ru,cao.msk.mvd.ru,gsu.msk.mvd.ru,msk.mvd.ru,sao.msk.mvd.ru,svao.msk.mvd.ru,szao.msk.mvd.ru,tinao.msk.mvd.ru,zel.msk.mvd.ru,zao.msk.mvd.ru,vao.msk.mvd.ru,uzao.msk.mvd.ru,uvao.msk.mvd.ru,ueb.msk.mvd.ru,uao.msk.mvd.ru,www.fasmo.arbitr.ru,moskovskygvs.msk.sudrf.ru,msvu.mil.ru,mvmu.mil.ru,mpku.rosgvard.ru,mosu.mvd.ru,metro.msk.mvd.ru,235gvs.msk.sudrf.ru,94gvs.msk.sudrf.ru,babushky.msk.sudrf.ru,basmanny.msk.sudrf.ru,butyrsky.msk.sudrf.ru,cheremushinsky.msk.sudrf.ru,chertanovsky.msk.sudrf.ru,dorogomilovsky.msk.sudrf.ru,gagarinsky.msk.sudrf.ru,golovinsky.msk.sudrf.ru,hamovnichesky.msk.sudrf.ru,horoshevsky.msk.sudrf.ru,izmailovsky.msk.sudrf.ru,koptevsky.msk.sudrf.ru,kuncevsky.msk.sudrf.ru,kuzminsky.msk.sudrf.ru,lefortovsky.msk.sudrf.ru,lublinsky.msk.sudrf.ru,meshansky.msk.sudrf.ru,nagatinsky.msk.sudrf.ru,nikulinsky.msk.sudrf.ru,ostankinsky.msk.sudrf.ru,perovsky.msk.sudrf.ru,preobrazhensky.msk.sudrf.ru,presnensky.msk.sudrf.ru,savelovsky.msk.sudrf.ru,simonovsky.msk.sudrf.ru,solncevsky.msk.sudrf.ru,tagansky.msk.sudrf.ru,timiryazevsky.msk.sudrf.ru,tushinsky.msk.sudrf.ru,tverskoy.msk.sudrf.ru,usd.msk.sudrf.ru,zamoskvoretsky.msk.sudrf.ru,zelenogradsky.msk.sudrf.ru,zuzinsky.msk.sudrf.ru,sud.nao.sudrf.ru,ardatovsky.nnov.sudrf.ru,borsky.nnov.sudrf.ru,buturlinsky.nnov.sudrf.ru,itc.fas.gov.ru,csp.dt.mvd.ru,fgupusz.mcx.ru,www.fgupusz.mcx.ru,77.gosuslugi.ru,77reg.roszdravnadzor.ru,www.msk.arbitr.ru,a.mvd.ru,moscow.mchs.ru,moscow-city.izbirkom.ru,www.moscow-city.izbirkom.ru",,
Московская область,"taldom.50.mvd.ru,asmo.arbitr.ru,www.asmo.arbitr.ru,www.fasmo.arbitr.ru,mot.customs.ru,mo.fas.gov.ru,moscow.fas.gov.ru,50.fsin.su,www.50.fsin.su,50.mchs.gov.ru,105.mo.msudrf.ru,111.mo.msudrf.ru,114.mo.msudrf.ru,115.mo.msudrf.ru,117.mo.msudrf.ru,12.mo.msudrf.ru,125.mo.msudrf.ru,130.mo.msudrf.ru,131.mo.msudrf.ru,137.mo.msudrf.ru,14.mo.msudrf.ru,142.mo.msudrf.ru,143.mo.msudrf.ru,144.mo.msudrf.ru,149.mo.msudrf.ru,153.mo.msudrf.ru,157.mo.msudrf.ru,158.mo.msudrf.ru,16.mo.msudrf.ru,170.mo.msudrf.ru,19.mo.msudrf.ru,195.mo.msudrf.ru,204.mo.msudrf.ru,205.mo.msudrf.ru,21.mo.msudrf.ru,210.mo.msudrf.ru,211.mo.msudrf.ru,214.mo.msudrf.ru,220.mo.msudrf.ru,222.mo.msudrf.ru,223.mo.msudrf.ru,224.mo.msudrf.ru,232.mo.msudrf.ru,235.mo.msudrf.ru,238.mo.msudrf.ru,24.mo.msudrf.ru,244.mo.msudrf.ru,246.mo.msudrf.ru,263.mo.msudrf.ru,264.mo.msudrf.ru,268.mo.msudrf.ru,276.mo.msudrf.ru,277.mo.msudrf.ru,278.mo.msudrf.ru,280.mo.msudrf.ru,285.mo.msudrf.ru,29.mo.msudrf.ru,291.mo.msudrf.ru,294.mo.msudrf.ru,295.mo.msudrf.ru,302.mo.msudrf.ru,304.mo.msudrf.ru,308.mo.msudrf.ru,309.mo.msudrf.ru,319.mo.msudrf.ru,33.mo.msudrf.ru,331.mo.msudrf.ru,34.mo.msudrf.ru,35.mo.msudrf.ru,38.mo.msudrf.ru,4.mo.msudrf.ru,45.mo.msudrf.ru,48.mo.msudrf.ru,49.mo.msudrf.ru,6.mo.msudrf.ru,62.mo.msudrf.ru,77.mo.msudrf.ru,87.mo.msudrf.ru,94.mo.msudrf.ru,96.mo.msudrf.ru,97.mo.msudrf.ru,99.mo.msudrf.ru,to50.minjust.ru,dmitrov.mo.sudrf.ru,domodedovo.mo.sudrf.ru,dubna.mo.sudrf.ru,himki.mo.sudrf.ru,ivanteevka.mo.sudrf.ru,kashira.mo.sudrf.ru,klimovsk.mo.sudrf.ru,klin.mo.sudrf.ru,korolev.mo.sudrf.ru,litkarino.mo.sudrf.ru,lobnia.mo.sudrf.ru,luhovitsy.mo.sudrf.ru,mitishy.mo.sudrf.ru,odintsovo.mo.sudrf.ru,orehovo-zuevo.mo.sudrf.ru,pavlov-posad.mo.sudrf.ru,podolsky.mo.sudrf.ru,ramenskoe.mo.sudrf.ru,ruza.mo.sudrf.ru,sergiev-posad.mo.sudrf.ru,shatura.mo.sudrf.ru,shelkovo.mo.sudrf.ru,stupino.mo.sudrf.ru,usd.mo.sudrf.ru,vidnoe.mo.sudrf.ru,volokolamsk.mo.sudrf.ru,voskresensk.mo.sudrf.ru,zaraisk.mo.sudrf.ru,zhukovsk.mo.sudrf.ru,zvenigorod.mo.sudrf.ru,mos.ssrf.ru,mosobl.sledcom.ru,50.rospotrebnadzor.ru,mo.roskazna.ru,tu50.old.rosim.ru,tu50.rosim.ru,uvm.50.mvd.ru,mof.mosu.mvd.ru,50.mvd.ru,med.50.mvd.ru,nfgvs.mo.sudrf.ru,kgvs.mo.sudrf.ru,77reg.roszdravnadzor.ru,baikonur.50.mvd.ru,balashikha.50.mvd.ru,chekhov.50.mvd.ru,dmitrov.50.mvd.ru,domodedovo.50.mvd.ru,egoryevsk.50.mvd.ru,elektrostal.50.mvd.ru,kashira.50.mvd.ru,khimki.50.mvd.ru,kolomna.50.mvd.ru,klin.50.mvd.ru,istra.50.mvd.ru,dubna.50.mvd.ru,50.dev.mvd.ru,korolev.50.mvd.ru,krasnogorsk.50.mvd.ru,leninskiy.50.mvd.ru,lobnya.50.mvd.ru,lotoshino.50.mvd.ru,lubertsy.50.mvd.ru,lukhovitsy.50.mvd.ru,mozhaysk.50.mvd.ru,mytischi.50.mvd.ru,naro-fominsk.50.mvd.ru,noginsk.50.mvd.ru,o-zuevo.50.mvd.ru,odintsovo.50.mvd.ru,ozery.50.mvd.ru,podolsk.50.mvd.ru,pposad.50.mvd.ru,profsouz.50.mvd.ru,protvino.50.mvd.ru,pushkino.50.mvd.ru,ramenskoe.50.mvd.ru,ruza.50.mvd.ru,s-posad.50.mvd.ru,s-prudy.50.mvd.ru,serpukhov.50.mvd.ru,shakhovskaya.50.mvd.ru,shatura.50.mvd.ru,shelkovo.50.mvd.ru,solnechnogorsk.50.mvd.ru,stupino.50.mvd.ru,vlasikha.50.mvd.ru,volokolamsk.50.mvd.ru,voskresensk.50.mvd.ru,zaraysk.50.mvd.ru,zhukovskiy.50.mvd.ru,gate.ufk50.roskazna.ru,ufk50.roskazna.ru,www.to50.rosreestr.ru,ugadn50.tu.rostransnadzor.ru,git50.rostrud.ru,50reg.roszdravnadzor.ru,mos.vkks.ru,mos.gosnadzor.ru,moscow-reg.izbirkom.ru,moscow_reg.izbirkom.ru,www.moscow_reg.izbirkom.ru",,
Мурманская область,"murmansk.arbitr.ru,51.fsin.su,www.51.fsin.su,r51.fss.ru,murmanskstat.gks.ru,murmansk.izbirkom.ru,www.murmansk.izbirkom.ru,51.mchs.gov.ru,www.51.mchs.gov.ru,to51.minjust.ru,1oct.mrm.msudrf.ru,2pvm.mrm.msudrf.ru,6pvm.mrm.msudrf.ru,51.mvd.ru,tu51.rosim.ru,murmansk.roskazna.ru,51.rospotrebnadzor.ru,51.sledcom.ru,murmansk.sledcom.ru,mur.ssrf.ru,apa.mrm.sudrf.ru,kola.mrm.sudrf.ru,kovd.mrm.sudrf.ru,lov.mrm.sudrf.ru,oblsud.mrm.sudrf.ru,ole.mrm.sudrf.ru,pech.mrm.sudrf.ru,perv.mrm.sudrf.ru,pol.mrm.sudrf.ru,usd.mrm.sudrf.ru,okt--mrm.sudrf.ru,perv--mrm.sudrf.ru,1krv.mrm.msudrf.ru,2krv.mrm.msudrf.ru,severnyfvs.mrm.sudrf.ru,ostrovgvs.mrm.sudrf.ru,tu51.old.rosim.ru,1ap.mrm.msudrf.ru,1svm.mrm.msudrf.ru,2pch.mrm.msudrf.ru,2svm.mrm.msudrf.ru,3ap.mrm.msudrf.ru,pzr.mrm.msudrf.ru",,
Ненецкий автономный округ,"arhangelskstat.gks.ru,usd.arh.sudrf.ru,29.sledcom.ru,arh.sledcom.ru,tu29.old.rosim.ru,tu29.rosim.ru,www.nenetsk.izbirkom.ru,83.mchs.gov.ru,www.83.mchs.gov.ru,1nao.arh.msudrf.ru,2nao.arh.msudrf.ru,83.mvd.ru,msh.83.mvd.ru,tu83.rosim.ru,nen.ssrf.ru",,
Нижегородская область,"mosk4.nnov.msudrf.ru,nnov.arbitr.ru,n-novgorod.fas.gov.ru,52.fsin.su,www.52.fsin.su,volodarsky.nnov.sudrf.ru,vachsky.nnov.sudrf.ru,usd.nnov.sudrf.ru,urensky.nnov.sudrf.ru,sosnovsky.nnov.sudrf.ru,nizhstat.gks.ru,nnov.izbirkom.ru,www.nnov.izbirkom.ru,52.mchs.gov.ru,arz6.nnov.msudrf.ru,www.52.mchs.gov.ru,avtoz1.nnov.msudrf.ru,avtoz11.nnov.msudrf.ru,avtoz12.nnov.msudrf.ru,avtoz13.nnov.msudrf.ru,avtoz2.nnov.msudrf.ru,avtoz3.nnov.msudrf.ru,avtoz4.nnov.msudrf.ru,avtoz5.nnov.msudrf.ru,avtoz6.nnov.msudrf.ru,avtoz7.nnov.msudrf.ru,avtoz8.nnov.msudrf.ru,balah4.nnov.msudrf.ru,chkal2.nnov.msudrf.ru,dzer11.nnov.msudrf.ru,dzer13.nnov.msudrf.ru,dzer2.nnov.msudrf.ru,dzer3.nnov.msudrf.ru,dzer4.nnov.msudrf.ru,dzer6.nnov.msudrf.ru,dzer9.nnov.msudrf.ru,kanav3.nnov.msudrf.ru,kanav6.nnov.msudrf.ru,kanav8.nnov.msudrf.ru,kstovo1.nnov.msudrf.ru,kstovo2.nnov.msudrf.ru,kstovo3.nnov.msudrf.ru,kstovo4.nnov.msudrf.ru,kstovo5.nnov.msudrf.ru,kuleb3.nnov.msudrf.ru,lenin2.nnov.msudrf.ru,gorod5.nnov.msudrf.ru,kanav1.nnov.msudrf.ru,nizh1.nnov.msudrf.ru,nizh2.nnov.msudrf.ru,nizh3.nnov.msudrf.ru,nizh4.nnov.msudrf.ru,nizh7.nnov.msudrf.ru,priok1.nnov.msudrf.ru,priok2.nnov.msudrf.ru,priok4.nnov.msudrf.ru,priok5.nnov.msudrf.ru,semen1.nnov.msudrf.ru,sormov1.nnov.msudrf.ru,sormov5.nnov.msudrf.ru,sovet1.nnov.msudrf.ru,sovet2.nnov.msudrf.ru,sovet4.nnov.msudrf.ru,sovet7.nnov.msudrf.ru,voskr.nnov.msudrf.ru,vyksa1.nnov.msudrf.ru,vyksa3.nnov.msudrf.ru,52.mvd.ru,shah2.nnov.msudrf.ru,na.mvd.ru,tu52.rosim.ru,tu52.old.rosim.ru,nizhegorodskaya.roskazna.ru,52.rospotrebnadzor.ru,www.52.rospotrebnadzor.ru,52.sledcom.ru,nnovgorod.sledcom.ru,niz.ssrf.ru,chkalovsky.nnov.sudrf.ru,diveevsky.nnov.sudrf.ru,dzerginsky.nnov.sudrf.ru,gorodecsky.nnov.sudrf.ru,koverninsky.nnov.sudrf.ru,kr-bakovsky.nnov.sudrf.ru,kulebaksky.nnov.sudrf.ru,lukoyanovsky.nnov.sudrf.ru,nizegorodsky.nnov.sudrf.ru,oblsud.nnov.sudrf.ru,sarovsky.nnov.sudrf.ru,semenovsky.nnov.sudrf.ru,vadsky.nnov.sudrf.ru,viksunsky.nnov.sudrf.ru,prioksky.nnov.sudrf.ru,kanavinsky.nnov.sudrf.ru,to52.minjust.ru",,
Новгородская область,"borovichsky.nvg.sudrf.ru,chudovsky.nvg.sudrf.ru,oblsud.nvg.sudrf.ru,usd.nvg.sudrf.ru,novgorod.arbitr.ru,53.fsin.su,www.53.fsin.su,r53.fss.ru,novgorodstat.gks.ru,novgorod.izbirkom.ru,www.novgorod.izbirkom.ru,53.mchs.gov.ru,www.53.mchs.gov.ru,to53.minjust.ru,30.nvg.msudrf.ru,53.mvd.ru,borovichi.53.mvd.ru,chudovo.53.mvd.ru,demyansk.53.mvd.ru,khvoynaya.53.mvd.ru,krestcy.53.mvd.ru,med.53.mvd.ru,mvishera.53.mvd.ru,novgorodskiy.53.mvd.ru,okulovka.53.mvd.ru,parfino.53.mvd.ru,pestovo.53.mvd.ru,shimsk.53.mvd.ru,soltcy.53.mvd.ru,starorusskiy.53.mvd.ru,valday.53.mvd.ru,vn.53.mvd.ru,cpp-nnov.nalog.ru,tu53.rosim.ru,tu53.old.rosim.ru,novgorod.roskazna.ru,53.rospotrebnadzor.ru,www.53.rospotrebnadzor.ru,53.sledcom.ru,vnovgorod.sledcom.ru,ngr.ssrf.ru",,
Новосибирская область,"2kir.nsk.msudrf.ru,3kir.nsk.msudrf.ru,6kir.nsk.msudrf.ru,7kir.nsk.msudrf.ru,kirovsky.nsk.sudrf.ru,centralny.nsk.sudrf.ru,berdsky.nsk.sudrf.ru,kupinsky.nsk.sudrf.ru,leninsky.nsk.sudrf.ru,oblsud.nsk.sudrf.ru,oktiabrsky.nsk.sudrf.ru,tatarsky.nsk.sudrf.ru,usd.nsk.sudrf.ru,zaelcovsky.nsk.sudrf.ru,zheleznodorozhny.nsk.sudrf.ru,novosib.arbitr.ru,novosibirsk.fas.gov.ru,54.fsin.su,www.54.fsin.su,r54.fss.ru,www.r54.fss.ru,novosibstat.gks.ru,54.mchs.gov.ru,www.54.mchs.gov.ru,to54.minjust.ru,1cnt.nsk.msudrf.ru,1kln.nsk.msudrf.ru,2cnt.nsk.msudrf.ru,2nsk.nsk.msudrf.ru,2okt.nsk.msudrf.ru,3okt.nsk.msudrf.ru,3prv.nsk.msudrf.ru,3zhl.nsk.msudrf.ru,4brd.nsk.msudrf.ru,4cnt.nsk.msudrf.ru,4dzr.nsk.msudrf.ru,4isk.nsk.msudrf.ru,4nsk.nsk.msudrf.ru,4okt.nsk.msudrf.ru,5len.nsk.msudrf.ru,6sov.nsk.msudrf.ru,dvl.nsk.msudrf.ru,54.mvd.ru,tu54.rosim.ru,tu54.old.rosim.ru,novosibirsk.roskazna.ru,54.rospotrebnadzor.ru,www.54.rospotrebnadzor.ru,nsk.sledcom.ru,nvs.ssrf.ru,nvi.rosgvard.ru,novosibirsk.izbirkom.ru,www.novosibirsk.izbirkom.ru",,
Омская область,"omsk.arbitr.ru,omsk.fas.gov.ru,55.fsin.su,www.55.fsin.su,omsk.gks.ru,55.mchs.gov.ru,www.55.mchs.gov.ru,to55.minjust.ru,109.oms.msudrf.ru,16.oms.msudrf.ru,20.oms.msudrf.ru,42.oms.msudrf.ru,46.oms.msudrf.ru,49.oms.msudrf.ru,60.oms.msudrf.ru,71.oms.msudrf.ru,76.oms.msudrf.ru,83.oms.msudrf.ru,86.oms.msudrf.ru,55.mvd.ru,oma.mvd.ru,tu55.rosim.ru,omsk.roskazna.ru,omsk.sledcom.ru,nyandomasud.arh.sudrf.ru,oms.ssrf.ru,azovocourt.oms.sudrf.ru,octobercourt.oms.sudrf.ru,odesskcourt.oms.sudrf.ru,sargatcourt.oms.sudrf.ru,tavrichcourt.oms.sudrf.ru,tukalacourt.oms.sudrf.ru,usd.oms.sudrf.ru,kirovcourt.oms.sudrf.ru,oblsud.oms.sudrf.ru,okvk.mil.ru,100.oms.msudrf.ru,omsk.izbirkom.ru,www.omsk.izbirkom.ru",,
Оренбургская область,"www.orenburg.arbitr.ru,56.fsin.su,orenstat.gks.ru,orenburg.izbirkom.ru,www.orenburg.izbirkom.ru,56.mchs.gov.ru,www.56.mchs.gov.ru,to56.minjust.ru,56.mvd.ru,med.56.mvd.ru,oren.56.mvd.ru,www.56.mvd.ru,tu56.rosim.ru,orenburg.roskazna.ru,56.rospotrebnadzor.ru,www.56.rospotrebnadzor.ru,56.sledcom.ru,oren.sledcom.ru,ore.ssrf.ru,abdulinsky.orb.sudrf.ru,akbulaksky.orb.sudrf.ru,belyaevsky.orb.sudrf.ru,buguruslansky.orb.sudrf.ru,buzuluksky.orb.sudrf.ru,centralny.orb.sudrf.ru,dombarovsky.orb.sudrf.ru,kvarkensky.orb.sudrf.ru,leninsky.orb.sudrf.ru,leninskyorsk.orb.sudrf.ru,mednogorsky.orb.sudrf.ru,novosergievsky.orb.sudrf.ru,oblsud.orb.sudrf.ru,orenburgsky.orb.sudrf.ru,promyshleny.orb.sudrf.ru,sol-iletsky.orb.sudrf.ru,sorochinsky.orb.sudrf.ru,sovetsky.orb.sudrf.ru,242.56.mvd.ru,245.56.mvd.ru,246.56.mvd.ru,247.56.mvd.ru,248.56.mvd.ru,230.56.mvd.ru,231.56.mvd.ru,233.56.mvd.ru,234.56.mvd.ru,235.56.mvd.ru,236.56.mvd.ru,237.56.mvd.ru,239.56.mvd.ru,251.56.mvd.ru,252.56.mvd.ru,255.56.mvd.ru,258.56.mvd.ru,261.56.mvd.ru,262.56.mvd.ru,263.56.mvd.ru,264.56.mvd.ru,265.56.mvd.ru,267.56.mvd.ru,268.56.mvd.ru,276.56.mvd.ru",,
Орловская область,"tu71.rosim.ru,tu71.old.rosim.ru,57.fsin.su,www.57.fsin.su,r57.fss.ru,orel.gks.ru,orel.izbirkom.ru,www.orel.izbirkom.ru,57.mchs.gov.ru,www.57.mchs.gov.ru,57.mvd.ru,eios.orui.mvd.ru,msch.57.mvd.ru,orui.mvd.ru,tu57.rosim.ru,tu57.old.rosim.ru,orel.roskazna.ru,57.sledcom.ru,orel.sledcom.ru,orl.ssrf.ru,livensky.orl.sudrf.ru,oblsud.orl.sudrf.ru,orlovsky.orl.sudrf.ru,pokrovsky.orl.sudrf.ru,sverdlovsky.orl.sudrf.ru,sovetsky.orl.sudrf.ru,1sev.orl.msudrf.ru,zavodskoy.orl.sudrf.ru,zheleznodorozhny.orl.sudrf.ru,to57.minjust.ru",,
Пензенская область,"tu13.old.rosim.ru,tu13.rosim.ru,www.penza.arbitr.ru,pnz.gks.ru,58.mchs.gov.ru,to58.minjust.ru,58.mvd.ru,msh.58.mvd.ru,pf.vipk.mvd.ru,tu58.old.rosim.ru,penza.roskazna.ru,58.sledcom.ru,penza.sledcom.ru,pnz.ssrf.ru,kamensky.pnz.sudrf.ru,leninsky.pnz.sudrf.ru,lopatinsky.pnz.sudrf.ru,neverkinsky.pnz.sudrf.ru,nizhnelomovsky.pnz.sudrf.ru,serdobinsky.pnz.sudrf.ru,tamalinsky.pnz.sudrf.ru,zarechensky.pnz.sudrf.ru,tu58.rosim.ru,58.rospotrebnadzor.ru,ugadn5813.tu.rostransnadzor.ru,git58.rostrud.ru,58.rpn.gov.ru,r58.fssprus.ru,ru58.fmbaros.ru,mru58.fmbaros.ru,penza.izbirkom.ru,www.penza.izbirkom.ru",,
Пермский край,"www.perm.arbitr.ru,perm.fas.gov.ru,59.fsin.su,pi.fsin.su,www.59.fsin.su,permstat.gks.ru,permkrai.izbirkom.ru,www.permkrai.izbirkom.ru,59.mchs.gov.ru,www.59.mchs.gov.ru,to59.minjust.ru,112.perm.msudrf.ru,117.perm.msudrf.ru,128.perm.msudrf.ru,137.perm.msudrf.ru,138.perm.msudrf.ru,14.perm.msudrf.ru,16.perm.msudrf.ru,17.perm.msudrf.ru,19.perm.msudrf.ru,2.perm.msudrf.ru,21.perm.msudrf.ru,23.perm.msudrf.ru,24.perm.msudrf.ru,26.perm.msudrf.ru,28.perm.msudrf.ru,30.perm.msudrf.ru,32.perm.msudrf.ru,34.perm.msudrf.ru,35.perm.msudrf.ru,37.perm.msudrf.ru,4.perm.msudrf.ru,40.perm.msudrf.ru,47.perm.msudrf.ru,5.perm.msudrf.ru,50.perm.msudrf.ru,58.perm.msudrf.ru,59.perm.msudrf.ru,6.perm.msudrf.ru,62.perm.msudrf.ru,77.perm.msudrf.ru,89.perm.msudrf.ru,59.mvd.ru,msh.59.mvd.ru,www.59.mvd.ru,tu59.rosim.ru,tu59.old.rosim.ru,perm.roskazna.ru,59.sledcom.ru,perm.sledcom.ru,per.ssrf.ru,berezn.perm.sudrf.ru,bolshesos.perm.sudrf.ru,chernush.perm.sudrf.ru,chusovoi.perm.sudrf.ru,dobryan.perm.sudrf.ru,dzerjin.perm.sudrf.ru,gornozav.perm.sudrf.ru,ilinsk.perm.sudrf.ru,kirov.perm.sudrf.ru,kizel.perm.sudrf.ru,kochevsky.perm.sudrf.ru,krasnovish.perm.sudrf.ru,kueda.perm.sudrf.ru,motovil.perm.sudrf.ru,oblsud.perm.sudrf.ru,ocher.perm.sudrf.ru,ohansk.perm.sudrf.ru,ordgonik.perm.sudrf.ru,permsk.perm.sudrf.ru,solikam.perm.sudrf.ru,suksun.perm.sudrf.ru,sverdlov.perm.sudrf.ru,usd.perm.sudrf.ru,voen.perm.sudrf.ru,113.perm.msudrf.ru,gaynsky.perm.sudrf.ru,perm.izbirkom.ru",,
Приморский край,"anuchinsky.prm.sudrf.ru,artemovsky.prm.sudrf.ru,chuguevsky.prm.sudrf.ru,dalnegorsky.prm.sudrf.ru,fokinsky.prm.sudrf.ru,hankaisky.prm.sudrf.ru,hasansky.prm.sudrf.ru,kraevoy.prm.sudrf.ru,lazovskiy.prm.sudrf.ru,leninsky.prm.sudrf.ru,lesozavodsky.prm.sudrf.ru,nahodkinsky.prm.sudrf.ru,pervomaysky.prm.sudrf.ru,pogranichny.prm.sudrf.ru,sovetsky.prm.sudrf.ru,ugvs.prm.sudrf.ru,usd.prm.sudrf.ru,ussuriysky.prm.sudrf.ru,102.prm.msudrf.ru,primkray.arbitr.ru,primorie.fas.gov.ru,25.fsin.su,www.25.fsin.su,r25.fss.ru,www.r25.fss.ru,primstat.gks.ru,primorsk.izbirkom.ru,www.primorsk.izbirkom.ru,25.mchs.gov.ru,www.25.mchs.gov.ru,to25.minjust.ru,32.prm.msudrf.ru,33.prm.msudrf.ru,47.prm.msudrf.ru,msud193.krd.msudrf.ru,prm.msudrf.ru,25.mvd.ru,med.25.mvd.ru,msch.25.mvd.ru,prahtarsk.23.mvd.ru,tu25.rosim.ru,tu25.old.rosim.ru,vladivostok.roskazna.ru,primorsky.sledcom.ru,pri.ssrf.ru,41.prm.msudrf.ru,12.prm.msudrf.ru,13.prm.msudrf.ru,6.prm.msudrf.ru,67.prm.msudrf.ru,91.prm.msudrf.ru,16.prm.msudrf.ru,17.prm.msudrf.ru,2.prm.msudrf.ru,20.prm.msudrf.ru,23.prm.msudrf.ru,37.prm.msudrf.ru,46.prm.msudrf.ru,ars.25.mvd.ru,art.25.mvd.ru",,
Псковская область,"pskov.arbitr.ru,www.pskov.arbitr.ru,60.fsin.su,pui.fsin.su,www.60.fsin.su,pskovstat.gks.ru,pskov.izbirkom.ru,www.pskov.izbirkom.ru,60.mchs.gov.ru,to60.minjust.ru,60.mvd.ru,msh.60.mvd.ru,tu53.rosim.ru,tu60.rosim.ru,pskov.roskazna.ru,60.rospotrebnadzor.ru,www.60.rospotrebnadzor.ru,60.sledcom.ru,pskov.sledcom.ru,psk.ssrf.ru,dnovsky.psk.sudrf.ru,gdovsky.psk.sudrf.ru,gvs.psk.sudrf.ru,nevelsky.psk.sudrf.ru,opochecky.psk.sudrf.ru,ostrovsky.psk.sudrf.ru,pechorsky.psk.sudrf.ru,porhovsky.psk.sudrf.ru,pskovskygor.psk.sudrf.ru,velikolukskygor.psk.sudrf.ru,loknyansky.psk.sudrf.ru,palkinsky.psk.sudrf.ru",,
Республика Адыгея,"01.fsin.su,www.01.fsin.su,r01.fssprus.ru,www.r01.fssprus.ru,01.mchs.gov.ru,www.01.mchs.gov.ru,to01.minjust.ru,01.mvd.ru,ad.01.mvd.ru,gi.01.mvd.ru,ko.01.mvd.ru,kr.01.mvd.ru,ma.01.mvd.ru,msh.01.mvd.ru,ta.01.mvd.ru,tu.01.mvd.ru,deti.r01.nalog.ru,tu01.rosim.ru,tu01.old.rosim.ru,01.rospotrebnadzor.ru,fbuz01.rospotrebnadzor.ru,git01.rostrud.ru,01.sledcom.ru,tu23.rosim.ru,giaginsky.adg.sudrf.ru,krasnogvardeysky.adg.sudrf.ru,maikopsky.adg.sudrf.ru,maikopskyr.adg.sudrf.ru,vs.adg.sudrf.ru,adyg.arbitr.ru,adygei.izbirkom.ru,www.adygei.izbirkom.ru,adygeya.roskazna.ru,adygheya.sledcom.ru,ad.ssrf.ru,www.adygei.vybory.izbirkom.ru,dev.adygeya.roskazna.ru,old.adygeya.roskazna.ru",,
Республика Алтай,"04.mchs.gov.ru,www.04.mchs.gov.ru,r04.fssprus.ru,www.r04.fssprus.ru,www.04.fsin.su,git04.rostrud.ru,04.rospotrebnadzor.ru,tu04.rosim.ru,04.sledcom.ru,akstat.gks.ru,tu22.rosim.ru,tu22.old.rosim.ru,r-altay.roskazna.ru,altai.sledcom.ru,usd.ralt.sudrf.ru,vs.ralt.sudrf.ru,maiminsky.ralt.sudrf.ru,gorno-altaisky.ralt.sudrf.ru,chemalsky.ralt.sudrf.ru,al.ssrf.ru,maimms2.ralt.msudrf.ru,galtms2.ralt.msudrf.ru,altai.arbitr.ru,04.gosuslugi.ru,ugadn0422.tu.rostransnadzor.ru,alt.vkks.ru,www.altai_rep.izbirkom.ru,www.altai-rep.izbirkom.ru",,
Республика Башкортостан,"02.fsin.su,www.02.fsin.su,r02.fss.ru,r02.fssprus.ru,www.r02.fssprus.ru,02.gibdd.ru,02.mchs.gov.ru,www.02.mchs.gov.ru,to02.minjust.ru,02.mvd.ru,mail02.mvd.ru,msh.02.mvd.ru,neftekamck.02.mvd.ru,neftekamsk.02.mvd.ru,salavat.02.mvd.ru,umvd.02.mvd.ru,uvo.02.mvd.ru,deti.r02.nalog.ru,tu02.rosim.ru,tu02.old.rosim.ru,02.rospotrebnadzor.ru,to02.rosreestr.ru,www.to02.rosreestr.ru,git02.rostrud.ru,02.rpn.gov.ru,02.sledcom.ru,bash.fas.gov.ru,ufa.arbitr.ru,bashstat.gks.ru,to03.minjust.ru,1.bkr.msudrf.ru,100.bkr.msudrf.ru,11.bkr.msudrf.ru,120.bkr.msudrf.ru,122.bkr.msudrf.ru,126.bkr.msudrf.ru,130.bkr.msudrf.ru,140.bkr.msudrf.ru,141.bkr.msudrf.ru,143.bkr.msudrf.ru,179.bkr.msudrf.ru,180.bkr.msudrf.ru,186.bkr.msudrf.ru,19.bkr.msudrf.ru,191.bkr.msudrf.ru,201.bkr.msudrf.ru,204.bkr.msudrf.ru,205.bkr.msudrf.ru,206.bkr.msudrf.ru,23.bkr.msudrf.ru,24.bkr.msudrf.ru,27.bkr.msudrf.ru,28.bkr.msudrf.ru,33.bkr.msudrf.ru,34.bkr.msudrf.ru,36.bkr.msudrf.ru,46.bkr.msudrf.ru,47.bkr.msudrf.ru,72.bkr.msudrf.ru,74.bkr.msudrf.ru,87.bkr.msudrf.ru,88.bkr.msudrf.ru,94.bkr.msudrf.ru,98.bkr.msudrf.ru,99.bkr.msudrf.ru,25.bkr.msudrf.ru,abzelilovsky.bkr.sudrf.ru,belebeevsky.bkr.sudrf.ru,belorecky.bkr.sudrf.ru,blagoveschensky.bkr.sudrf.ru,diurtiulinsky.bkr.sudrf.ru,duvansky.bkr.sudrf.ru,gafuriysky.bkr.sudrf.ru,gvs.bkr.sudrf.ru,iglinsky.bkr.sudrf.ru,ilishevsky.bkr.sudrf.ru,kirovsky.bkr.sudrf.ru,kumertauskiy.bkr.sudrf.ru,leninsky.bkr.sudrf.ru,meleuzovsky.bkr.sudrf.ru,neftekamsky.bkr.sudrf.ru,salavatsky.bkr.sudrf.ru,sovetsky.bkr.sudrf.ru,uchalinsky.bkr.sudrf.ru,usd.bkr.sudrf.ru,vs.bkr.sudrf.ru,yanaulsky.bkr.sudrf.ru,zilairsky.bkr.sudrf.ru,10.bkr.msudrf.ru,ufa.roskazna.ru,surb.sledcom.ru,ba.ssrf.ru,uniim.rospotrebnadzor.ru,03reg.roszdravnadzor.ru,13.bkr.msudrf.ru,29.bkr.msudrf.ru,31.bkr.msudrf.ru,58.bkr.msudrf.ru,30.bkr.msudrf.ru,32.bkr.msudrf.ru,37.bkr.msudrf.ru,38.bkr.msudrf.ru,42.bkr.msudrf.ru,43.bkr.msudrf.ru,5.bkr.msudrf.ru,54.bkr.msudrf.ru,57.bkr.msudrf.ru,59.bkr.msudrf.ru,64.bkr.msudrf.ru,67.bkr.msudrf.ru,9.bkr.msudrf.ru,bashkortostan.izbirkom.ru,www.bashkortostan.izbirkom.ru,www.bashkortostan.vybory.izbirkom.ru",,
Республика Бурятия,"04.mvd.ru,msh.04.mvd.ru,to04.minjust.ru,buryatia.mid.ru,buryatia.sledcom.ru,buryatia.arbitr.ru,buryatia.fas.gov.ru,buryatia.roskazna.ru,old.buryatia.roskazna.ru,zheleznodorozhniy.bur.sudrf.ru,vs.bur.sudrf.ru,usd.bur.sudrf.ru,sovetsky.bur.sudrf.ru,horinsky.bur.sudrf.ru,sev1.bur.msudrf.ru,03.fsin.su,www.03.fsin.su,r03.fss.ru,burstat.gks.ru,www.buriat.izbirkom.ru,03.mchs.gov.ru,bur.msudrf.ru,ivolg.bur.msudrf.ru,prib2.bur.msudrf.ru,sel2.bur.msudrf.ru,sel3.bur.msudrf.ru,03.mvd.ru,msch.03.mvd.ru,tu03.rosim.ru,tu75.rosim.ru,03.rospotrebnadzor.ru,bu.ssrf.ru,www.to03.rosreestr.ru,ugadn0338.tu.rostransnadzor.ru,git03.rostrud.ru,03reg.roszdravnadzor.ru,03.rpn.gov.ru,barguzinskii.03.mvd.ru,baunt.03.mvd.ru,bichura.03.mvd.ru,dzhida.03.mvd.ru,horinskii.03.mvd.ru,ivolga.03.mvd.ru,kabansk.03.mvd.ru,msk.03.mvd.ru,muhorshibir.03.mvd.ru,pribaikal.03.mvd.ru,kyahta.03.mvd.ru,mail03.mvd.ru,selenga.03.mvd.ru,severobaikalsk.03.mvd.ru,tarbagatai.03.mvd.ru,tunkinskii.03.mvd.ru,ulan-ude.03.mvd.ru,uvo.03.mvd.ru,zaigraevo.03.mvd.ru,zakamna.03.mvd.ru,deti.r03.nalog.ru,03.gibdd.ru,www.r03.fssprus.ru,r03.fssprus.ru,www.buriat.vybory.izbirkom.ru",,
Республика Дагестан,"05.mvd.ru,msh.05.mvd.ru,05.mchs.gov.ru,to05.minjust.ru,www.05.mchs.gov.ru,05.rospotrebnadzor.ru,05.rkn.gov.ru,tu05.old.rosim.ru,tu05.rosim.ru,git05.rostrud.ru,www.git05.rostrud.ru,05.rpn.gov.ru,05.sledcom.ru,105.sledcom.ru,www.05.fsin.su,r05.fssprus.ru,www.r05.fssprus.ru,dagstat.gks.ru,sso.dagstat.gks.ru,derbent-gs.dag.sudrf.ru,derbent-rs.dag.sudrf.ru,hivskiy.dag.sudrf.ru,kaspiyskiy.dag.sudrf.ru,kirovskiy.dag.sudrf.ru,kizljar-rs.dag.sudrf.ru,lakskiy.dag.sudrf.ru,mgvs.dag.sudrf.ru,nogayskiy.dag.sudrf.ru,shamilskiy.dag.sudrf.ru,sovetskiy.dag.sudrf.ru,vs.dag.sudrf.ru,dagestan.roskazna.ru,dagestan.izbirkom.ru,www.dagestan.izbirkom.ru,www.dagestan.vybory.izbirkom.ru,dagestan.sledcom.ru,1.dag.msudrf.ru,13.dag.msudrf.ru,45.dag.msudrf.ru,da.ssrf.ru,mahachkala.arbitr.ru,deti.r05.nalog.ru",,
Республика Ингушетия,"magassky.ing.sudrf.ru,malgobek.ing.sudrf.ru,www.06.fsin.su,06.mchs.gov.ru,www.06.mchs.gov.ru,to06.minjust.ru,ing.msudrf.ru,06.mvd.ru,msh.06.mvd.ru,tu06.rosim.ru,ingushetia.roskazna.ru,06.rospotrebnadzor.ru,www.06.rospotrebnadzor.ru,06.sledcom.ru,ingushetia.sledcom.ru,www.ingush.izbirkom.ru",,
Республика Калмыкия,"celinny.kalm.sudrf.ru,elistinsky.kalm.sudrf.ru,lagansky.kalm.sudrf.ru,sarpinsky.kalm.sudrf.ru,usd.kalm.sudrf.ru,vs.kalm.sudrf.ru,yashkulsky.kalm.sudrf.ru,yustinsky.kalm.sudrf.ru,08.mchs.gov.ru,to08.minjust.ru,08.mvd.ru,msch.08.mvd.ru,tu08.rosim.ru,tu08.old.rosim.ru,kalmykia.roskazna.ru,08.sledcom.ru,kalmykia.sledcom.ru,kl.ssrf.ru,www.08.fsin.su,kalmyk.arbitr.ru,astrastat.gks.ru,kalmyk.izbirkom.ru,www.kalmyk.izbirkom.ru",,
Республика Карелия,"kemsky.kar.sudrf.ru,kostomukshsky.kar.sudrf.ru,muezersky.kar.sudrf.ru,olonecky.kar.sudrf.ru,petrozavodsky.kar.sudrf.ru,pitkiaransky.kar.sudrf.ru,priazhsky.kar.sudrf.ru,prionezhsky.kar.sudrf.ru,sortavalsky.kar.sudrf.ru,vs.kar.sudrf.ru,karelia.arbitr.ru,10.fsin.su,www.10.fsin.su,r10.fss.ru,krl.gks.ru,karel.izbirkom.ru,www.karel.izbirkom.ru,10.mchs.gov.ru,to10.minjust.ru,10.mvd.ru,mch.10.mvd.ru,med-old.10.mvd.ru,tu10.old.rosim.ru,karelia.roskazna.ru,10.rospotrebnadzor.ru,10.sledcom.ru,karelia.sledcom.ru,kr.ssrf.ru,tu10.rosim.ru,tu51.rosim.ru,tu51.old.rosim.ru",,
Республика Коми,"komi.gks.ru,websbor.komi.gks.ru,komi.arbitr.ru,severny.komi.msudrf.ru,shahtersky.komi.msudrf.ru,taezhny.komi.msudrf.ru,timansky.komi.msudrf.ru,tundrovy.komi.msudrf.ru,vilgortsky.komi.msudrf.ru,vodnensky.komi.msudrf.ru,vorgashorsky.komi.msudrf.ru,yubileyny.komi.msudrf.ru,zapadny.komi.msudrf.ru,zelenecky.komi.msudrf.ru,izmasud.komi.sudrf.ru,priluz.komi.sudrf.ru,syktsud.komi.sudrf.ru,usd.komi.sudrf.ru,usinsksud.komi.sudrf.ru,uzmasud.komi.sudrf.ru,vs.komi.sudrf.ru,komi.sledcom.ru,www.komi.fas.gov.ru,komi.roskazna.ru,old.komi.roskazna.ru,komi.izbirkom.ru,www.komi.izbirkom.ru,www.komi.vybory.izbirkom.ru,centralny.komi.msudrf.ru,chibiusky.komi.msudrf.ru,devonsky.komi.msudrf.ru,dimitrovsky.komi.msudrf.ru,evmalskij.komi.msudrf.ru,gorny.komi.msudrf.ru,gornyacky.komi.msudrf.ru,kutuzovsky.komi.msudrf.ru,lesozavodsky.komi.msudrf.ru,magistralny.komi.msudrf.ru,pripolyarny.komi.msudrf.ru,promishlenny.komi.msudrf.ru,rechnoy.komi.msudrf.ru,11.fsin.su,www.11.fsin.su,11.mchs.gov.ru,www.11.mchs.gov.ru,to11.minjust.ru,msh.11.mvd.ru,tu11.rosim.ru,tu11.old.rosim.ru,11.sledcom.ru,ko.ssrf.ru,11.mvd.ru",,
Республика Крым,"crimea.arbitr.ru,krim.fsin.su,crimea.gks.ru,crimea.izbirkom.ru,www.crimea.izbirkom.ru,82.mchs.gov.ru,to82.minjust.ru,82.mvd.ru,krmut.mvd.ru,krymsk.23.mvd.ru,msch.82.mvd.ru,www.82.mvd.ru,krym.roskazna.ru,82.rospotrebnadzor.ru,crim.sledcom.ru,sevastopol.sledcom.ru,krm.ssrf.ru,vs.krm.sudrf.ru,feodosiya.krm.sudrf.ru,www.crimea.vybory.izbirkom.ru",,
Республика Марий Эл,"mari-el.arbitr.ru,12.fsin.su,www.12.fsin.su,r12.fss.ru,maristat.gks.ru,12.mchs.gov.ru,to12.minjust.ru,12.mvd.ru,msh.12.mvd.ru,tu12.rosim.ru,mariy-el.roskazna.ru,12.rospotrebnadzor.ru,ms1.12.rospotrebnadzor.ru,12.sledcom.ru,mari.sledcom.ru,me.ssrf.ru,medvedevsky.mari.sudrf.ru,sernursky.mari.sudrf.ru,vs.mari.sudrf.ru,yoshkarolinsky.mari.sudrf.ru,tu12.old.rosim.ru,tu13.old.rosim.ru,tu13.rosim.ru,11yo.mari.msudrf.ru,www.mari-el.izbirkom.ru",,
Республика Мордовия,"tu13.old.rosim.ru,tu13.rosim.ru,asrm.arbitr.ru,13.fsin.su,www.13.fsin.su,r13.fss.ru,mrd.gks.ru,13.mchs.gov.ru,to13.minjust.ru,13.mvd.ru,msh.13.mvd.ru,mordovia.roskazna.ru,13.rospotrebnadzor.ru,www.13.rospotrebnadzor.ru,13.sledcom.ru,mordovia.sledcom.ru,mo.ssrf.ru,ardatovsky.mor.sudrf.ru,aturevsky.mor.sudrf.ru,atyashevsky.mor.sudrf.ru,chamzinsky.mor.sudrf.ru,dubensky.mor.sudrf.ru,elnikovsky.mor.sudrf.ru,ichalkovsky.mor.sudrf.ru,insarsky.mor.sudrf.ru,kovilkinsky.mor.sudrf.ru,leninsky.mor.sudrf.ru,oktyabrsky.mor.sudrf.ru,proletarsky.mor.sudrf.ru,romodanovsky.mor.sudrf.ru,ruzaevsky.mor.sudrf.ru,temnikovsky.mor.sudrf.ru,torbeevsky.mor.sudrf.ru,usd.mor.sudrf.ru,vs.mor.sudrf.ru,mordov.izbirkom.ru,www.mordov.izbirkom.ru",,
Республика Саха (Якутия),"abiy.jak.sudrf.ru,aldan.jak.sudrf.ru,gvs.jak.sudrf.ru,jakutsky.jak.sudrf.ru,kob.jak.sudrf.ru,nyurba.jak.sudrf.ru,tompo.jak.sudrf.ru,vilyui.jak.sudrf.ru,vs.jak.sudrf.ru,zhig.jak.sudrf.ru,www.yakutsk.arbitr.ru,yakutsk.arbitr.ru,r14.fss.ru,sakha.gks.ru,stat.sakha.gks.ru,stat.sakha.gks.ru:8899,www.yakut.izbirkom.ru,14.mchs.gov.ru,to14.minjust.ru,sakha28.yak.msudrf.ru,sakha37.yak.msudrf.ru,sakha46.yak.msudrf.ru,sakha49.yak.msudrf.ru,sakha62.yak.msudrf.ru,14.mvd.ru,my.14.mvd.ru,ompo.14.mvd.ru,www.14.mvd.ru,tu14.rosim.ru,tu14.old.rosim.ru,sakha.roskazna.ru,14.sledcom.ru,ykt.sledcom.ru,sa.ssrf.ru,www.yakut.vybory.izbirkom.ru",,
Республика Северная Осетия-Алания,"alania.arbitr.ru,15.fsin.su,www.15.fsin.su,15.mchs.gov.ru,www.15.mchs.gov.ru,to15.minjust.ru,15.mvd.ru,msh.15.mvd.ru,tu15.rosim.ru,alania.roskazna.ru,15.sledcom.ru,osetia.sledcom.ru,alagirsky.wlk.sudrf.ru,irafsky.wlk.sudrf.ru,leninsky.wlk.sudrf.ru,prigorodni.wlk.sudrf.ru,sovetsky.wlk.sudrf.ru,vs.wlk.sudrf.ru,www.n-osset-alania.izbirkom.ru,www.n_osset-alania.izbirkom.ru",,
Республика Татарстан,"kirov3.tat.msudrf.ru,kirovsky.tat.sudrf.ru,laishevsky.tat.sudrf.ru,leninogorsky.tat.sudrf.ru,mendeleevsky.tat.sudrf.ru,naberezhno-chelninsky.tat.sudrf.ru,novo-savinsky.tat.sudrf.ru,privolzhsky.tat.sudrf.ru,rybno-slobodsky.tat.sudrf.ru,sarmanovsky.tat.sudrf.ru,sovetsky.tat.sudrf.ru,tukaevsky.tat.sudrf.ru,usd.tat.sudrf.ru,vahitovsky.tat.sudrf.ru,verhne-uslonsky.tat.sudrf.ru,vs.tat.sudrf.ru,aktanyshsky.tat.sudrf.ru,almetevsky.tat.sudrf.ru,apastovsky.tat.sudrf.ru,aviastroitelny.tat.sudrf.ru,aznakaevsky.tat.sudrf.ru,bavlinsky.tat.sudrf.ru,bugulminsky.tat.sudrf.ru,chistopolsky.tat.sudrf.ru,vysogorsky.tat.sudrf.ru,zainsky.tat.sudrf.ru,sovet6.tat.msudrf.ru,tatarstan.arbitr.ru,www.tatarstan.arbitr.ru,16.fsin.su,www.16.fsin.su,tatstat.gks.ru,16.mchs.gov.ru,to16.minjust.ru,avia5.tat.msudrf.ru,privolg1.tat.msudrf.ru,16.mvd.ru,msh.16.mvd.ru,tu16.rosim.ru,tatarstan.roskazna.ru,16.rospotrebnadzor.ru,16.sledcom.ru,tatarstan.sledcom.ru,ta.ssrf.ru,esvu.mvd.ru,tatarstan.izbirkom.ru,www.tatarstan.izbirkom.ru",,
Республика Тыва,"tu24.rosim.ru,krasstat.gks.ru,www.tyva.arbitr.ru,17.fsin.su,www.17.fsin.su,r17.fss.ru,tyva.izbirkom.ru,www.tyva.izbirkom.ru,17.mchs.gov.ru,to17.minjust.ru,jerzinskiy.tuva.msudrf.ru,kizil1.tuva.msudrf.ru,kizil2.tuva.msudrf.ru,kizil3.tuva.msudrf.ru,kizil4.tuva.msudrf.ru,kizil5.tuva.msudrf.ru,kizil6.tuva.msudrf.ru,kizil7.tuva.msudrf.ru,kizil8.tuva.msudrf.ru,kizilsky.tuva.msudrf.ru,ovjurskiy.tuva.msudrf.ru,tandinsky.tuva.msudrf.ru,todzhinskiy.tuva.msudrf.ru,tuva.msudrf.ru,17.mvd.ru,msch.17.mvd.ru,sut-holskiy.tva.sudrf.ru,todjinskiy.tva.sudrf.ru,usd.tva.sudrf.ru,vs.tva.sudrf.ru,tu17.old.rosim.ru,umvd.11.mvd.ru,tu17.rosim.ru,tyva.roskazna.ru,tuva.sledcom.ru,msh.17.mvd.ru,deti.r17.nalog.ru,17.rospotrebnadzor.ru,mail.17.rospotrebnadzor.ru,www.to17.rosreestr.ru,git17.rostrud.ru,17reg.roszdravnadzor.ru",,
Республика Хакасия,"khakasia.arbitr.ru,hakasia.fas.gov.ru,www.19.fsin.su,khakas.izbirkom.ru,www.khakas.izbirkom.ru,19.mchs.gov.ru,to19.minjust.ru,19.mvd.ru,msch.19.mvd.ru,tu19.rosim.ru,tu24.rosim.ru,tu19.old.rosim.ru,hakasia.roskazna.ru,24.sledcom.ru,hakasia.sledcom.ru,krk.sledcom.ru,kk.ssrf.ru,abakansky.hak.sudrf.ru,akzisky.hak.sudrf.ru,altaysky.hak.sudrf.ru,bogradsky.hak.sudrf.ru,sharinsky.hak.sudrf.ru,usd.hak.sudrf.ru,krasstat.gks.ru,vs.hak.sudrf.ru,gvs.hak.sudrf.ru,abakan.19.mvd.ru,abaza.19.mvd.ru,askiz.19.mvd.ru,beya.19.mvd.ru",,
Российская Федерация,"iap2015.genproc.gov.ru,ipriem.genproc.gov.ru,museum.genproc.gov.ru,new.genproc.gov.ru,plan.genproc.gov.ru,sppvp.genproc.gov.ru,portal.sppvp.genproc.gov.ru,www.gvp.gov.ru,crimestat.ru,genproc.gov.ru,gvp.gov.ru,proverki.gov.ru,www.crimestat.ru,www.genproc.gov.ru,eng.genproc.gov.ru,gasps-support.genproc.gov.ru,sudrf.ru,ssrf.ru,vkks.ru,arbitr.ru,cdep.ru,msudrf.ru,kad.arbitr.ru,gov.ru,rst.gov.ru,www.rst.gov.ru,government.ru,kremlin.ru,mid.ru,mil.ru,fstec.ru,minjust.ru,minjust.gov.ru,fsin.su,fsin.gov.ru,fssprus.ru,fssp.gov.ru,roszdravnadzor.gov.ru,roszdravnadzor.ru,fmbaros.ru,fmba.gov.ru,mkrf.ru,culture.gov.ru,meteorf.ru,gost.ru,minvr.ru,minvr.gov.ru,digital.gov.ru,minsvyaz.ru,fapmc.ru,fapmc.gov.ru,rossvyaz.ru,rossvyaz.gov.ru,mcx.ru,mcx.gov.ru,fsvps.ru,fsvps.gov.ru,mintrans.ru,mintrans.gov.ru,minstroyrf.ru,minstroyrf.gov.ru,favt.ru,rostransnadzor.ru,rostransnadzor.gov.ru,rosmintrud.ru,mintrud.gov.ru,minfin.ru,rostrud.ru,rostrud.gov.ru,nalog.ru,fsrar.ru,fsrar.gov.ru,customs.ru,customs.gov.ru,roskazna.ru,roskazna.gov.ru,rosim.ru,rupto.ru,rospatent.gov.ru,fsb.ru,archives.ru,rosgvard.ru,fedsfm.ru,udprf.ru,gfs.ru,gfs.gov.ru,rospotrebnadzor.ru,gosnadzor.ru,rosreserv.ru,rosrezerv.gov.ru,mvd.ru,xn--b1aew.xn--p1ai,mchs.ru,mchs.gov.ru,rosminzdrav.ru,minzdrav.gov.ru,rosavtodor.ru,rosavtodor.gov.ru,roszeldor.ru,morflot.ru,gks.ru,rosreestr.ru,russiatourism.ru,ksrf.ru,cikrf.ru,izbirkom.ru,cbr.ru,sledcom.ru,fss.ru,pfrf.ru,ffoms.ru,ffoms.gov.ru,gibdd.ru,oprf.ru,favr.ru,xn--90adear.xn--p1ai,pfr.ru,rsnet.ru,gis-tek.ru,gisee.ru,statreport.ru,govprograms.ru,zhit-vmeste.ru,gosuslugi.ru,asi.ru,eskigov.ru,roi.ru,o-spide.ru,takzdorovo.ru,gto.ru,i-russia.ru,vetrf.ru,rusarchives.ru,ombudsmanrf.org,fedstat.ru,egais.ru,gosmonitor.ru,xn--n1abdok.xn--p1ai,xn--80akibcicpdbetz7e2g.xn--p1ai,xn--80apneeq.xn--p1ai,attestatcia.ru,xn--80abhddbmm5bieahtk5n.xn--p1ai,usynovite.ru,energourok.ru,xn----8sbmmlgncfbgqis7m.xn--p1ai,trudvsem.ru,zapoved.ru,lesegais.ru,priroda-ok.ru,esimo.ru,esimo.net,oceaninfo.ru,morinfocenter.ru,old.ombudsmanrf.org,uznai-prezidenta.ru,rfpress.ru,obsudiproekt.ru,zakonoproekt2012.ru,may9.ru,fano.gov.ru,fadn.gov.ru,otrs.portalkso.ru,svod.portalkso.ru,www.portalkso.ru,intosai.portalkso.ru,mail.portalkso.ru,webitel.portalkso.ru,monitoring.parliament.gov.ru,portal.parliament.gov.ru,sozd.parliament.gov.ru,sozd.duma.gov.ru,video.parliament.gov.ru,sozd.duma.gov.ru,spec.duma.gov.ru,transcript.duma.gov.ru,veche.duma.gov.ru,vote.duma.gov.ru,wbase.duma.gov.ru,www.dumasoft.ru,bar.parliament.gov.ru,old.duma.gov.ru,parlib.duma.gov.ru,pda.duma.gov.ru,portal.duma.gov.ru,rusit.duma.gov.ru,sovety.duma.gov.ru,www.komitet7.km.duma.gov.ru,komitet8.km.duma.gov.ru,www.komitet8.km.duma.gov.ru,www.komitet9.km.duma.gov.ru,omitet2-13.km.duma.gov.ru,opk.km.duma.gov.ru,www.opk.km.duma.gov.ru,szrf.km.duma.gov.ru,komitet3-1.test.km.duma.gov.ru,testnew2.km.duma.gov.ru,lms.duma.gov.ru,mobile.duma.gov.ru,video-duma.ru,videoduma.ru,dumasoft.ru,duma.gov.ru,council.gov.ru,audit.gov.ru,ach.gov.ru,parliament.gov.ru,www.ach.gov.ru,eps.ach.gov.ru,garant.ach.gov.ru,ms.ach.gov.ru,ms2.ach.gov.ru,outlook.ach.gov.ru,sync-rmr.ach.gov.ru,www.audit.gov.ru,portal.audit.gov.ru,results.audit.gov.ru,www.council.gov.ru,defence.council.gov.ru,einform.council.gov.ru,fedorov.council.gov.ru,link.council.gov.ru,mobile.council.gov.ru,pisma.council.gov.ru,region.council.gov.ru,services.council.gov.ru,social.council.gov.ru,special.council.gov.ru,www.duma.gov.ru,api.duma.gov.ru,asozd.duma.gov.ru,www.asozd.duma.gov.ru,asozd2.duma.gov.ru,www.asozd2.duma.gov.ru,asozd2b.duma.gov.ru,asozd2c.duma.gov.ru,biblioteka.duma.gov.ru,cir.duma.gov.ru,fmis.duma.gov.ru,iam.duma.gov.ru,pda.iam.duma.gov.ru,km.duma.gov.ru,forum.km.duma.gov.ru,www.forum.km.duma.gov.ru,en.forum.km.duma.gov.ru,forum4.km.duma.gov.ru,www.forum4.km.duma.gov.ru,komitet-bn.km.duma.gov.ru,www.komitet-bn.km.duma.gov.ru,komitet1.km.duma.gov.ru,www.komitet1.km.duma.gov.ru,komitet2.km.duma.gov.ru,www.komitet2.km.duma.gov.ru,komitet2-1.km.duma.gov.ru,www.komitet2-1.km.duma.gov.ru,komitet2-10.km.duma.gov.ru,www.komitet2-10.km.duma.gov.ru,komitet2-11.km.duma.gov.ru,komitet2-12.km.duma.gov.ru,www.komitet2-12.km.duma.gov.ru,komitet2-13.km.duma.gov.ru,www.komitet2-13.km.duma.gov.ru,komitet2-14.km.duma.gov.ru,www.komitet2-14.km.duma.gov.ru,komitet2-15.km.duma.gov.ru,www.komitet2-15.km.duma.gov.ru,komitet2-16.km.duma.gov.ru,www.komitet2-16.km.duma.gov.ru,www.komitet2-17.km.duma.gov.ru,komitet2-19.km.duma.gov.ru,www.komitet2-19.km.duma.gov.ru,komitet2-2.km.duma.gov.ru,www.komitet2-2.km.duma.gov.ru,komitet2-20.km.duma.gov.ru,www.komitet2-20.km.duma.gov.ru,komitet2-21.km.duma.gov.ru,www.komitet2-21.km.duma.gov.ru,komitet2-22.km.duma.gov.ru,www.komitet2-22.km.duma.gov.ru,komitet2-23.km.duma.gov.ru,www.komitet2-23.km.duma.gov.ru,komitet2-24.km.duma.gov.ru,www.komitet2-24.km.duma.gov.ru,komitet2-3.km.duma.gov.ru,www.komitet2-3.km.duma.gov.ru,komitet2-4.km.duma.gov.ru,www.komitet2-4.km.duma.gov.ru,komitet2-5.km.duma.gov.ru,www.komitet2-5.km.duma.gov.ru,komitet2-6.km.duma.gov.ru,www.komitet2-6.km.duma.gov.ru,komitet2-7.km.duma.gov.ru,www.komitet2-7.km.duma.gov.ru,komitet2-8.km.duma.gov.ru,www.komitet2-8.km.duma.gov.ru,www.komitet2-9.km.duma.gov.ru,komitet3.km.duma.gov.ru,www.komitet3.km.duma.gov.ru,komitet3-1.km.duma.gov.ru,www.komitet3-1.km.duma.gov.ru,komitet4.km.duma.gov.ru,www.komitet4.km.duma.gov.ru,komitet5.km.duma.gov.ru,www.komitet5.km.duma.gov.ru,komitet6.km.duma.gov.ru,www.komitet6.km.duma.gov.ru,www.vybory.izbirkom.ru,portal4.cbr.ru,www.cbr.ru,portal.cbr.ru,portal5.cbr.ru,university.cbr.ru,old.cikrf.ru,www.cikrf.ru,gd2003.cikrf.ru,gvv.cikrf.ru,www.gvv.cikrf.ru,ikmo.cikrf.ru,pr2004.cikrf.ru,smi.cikrf.ru,tverik.cikrf.ru,vestnik.cikrf.ru,zoom.cikrf.ru,www.zoom.cikrf.ru,www.proverki.gov.ru,fsin.gov.ru,smcd.fpi.gov.ru,keystart.roscosmos.ru,keyold.roscosmos.ru,old.rosnedra.gov.ru,afo.minenergo.gov.ru,innovation.mintrans.ru,history.mintrans.ru,vks5.mintrans.ru,mail.mintrans.ru,government.gov.ru,roskachestvo.gov.ru,fssp.gov.ru,roszdravnadzor.gov.ru,minjust.gov.ru,budgetreport.federalspace.ru,tvroscosmos.ru,rusinvestforum.org,forumvostok.ru,forumspb.com,futurerussia.gov.ru,ombudsman.gov.ru,ntk.roscosmos.ru,profprognoz.roscosmos.ru,en.roscosmos.ru,special.roscosmos.ru,federalspace.ru,gptl.ru,pod.gptl.ru,od.favr.ru,roscosmos.ru,www.roscosmos.ru,online.roscosmos.ru,old.mchs.ru,scpublish.ksrf.ru,www.svr.gov.ru,www.tkmv.gov.ru,www.torgi.gov.ru,ias.torgi.gov.ru,www.trudvsem.ru,adm.trudvsem.ru,beta.trudvsem.ru,www.beta.trudvsem.ru,dogovor.trudvsem.ru,integration.trudvsem.ru,opendata.trudvsem.ru,www.udprf.ru,special.udprf.ru,zapsib-sut.sledcom.ru,external.roszdravnadzor.ru,service.sledcom.ru:2700,smb.gov.ru,en.smb.gov.ru,young.smb.gov.ru,urok-v-kremle.ru,krln.ru,vkremle.ru,okremle.ru,openkremlin.ru,da-medvedev.ru,fedresurs.ru,apsrf.ru,anticartel.ru,bric-competition.ru,pgu-support.ru,grbs-minfin.ru,egrz.ru,culture.ru,mkstat.ru,educationglobal.ru,mkgu.ru,xn--d1achjhdicc8bh4h.xn--p1ai,sfri.ru,osrpn.ru,president-sovet.ru,nspkrf.ru,youngscience.gov.ru,fcpir.ru,fcpfarma.ru,fcntp.ru,fcpk.ru,xn---2030-bwe0hj7au5h.xn--p1ai,xn----8sbmmlgncfbgqis7m.xn--p1ai,fcp-pbdd.ru,fcpkultura.ru,xn--n1abdok.xn--p1ai,fcp-radbez.ru,open.gov.ru,mon.gov.ru,ed.gov.ru,mchs.gov.ru,edu.gov.ru,minobrnauki.gov.ru,rs.gov.ru,scrf.gov.ru,fsvts.gov.ru,obrnadzor.gov.ru,fadm.gov.ru,mnr.gov.ru,rosnedra.gov.ru,rpn.gov.ru,rosleshoz.gov.ru,rkn.gov.ru,minkavkaz.gov.ru,fish.gov.ru,fsa.gov.ru,minsport.gov.ru,economy.gov.ru,svr.gov.ru,fso.gov.ru,fas.gov.ru,minenergo.gov.ru,gusp.gov.ru,deti.gov.ru,odkb-csto.org,odkb.gov.ru,oborona.gov.ru,rosenergo.gov.ru,gvsu.gov.ru,fpi.gov.ru,gossluzhba.gov.ru,minpromtorg.gov.ru,minprom.gov.ru,digital.gov.ru,ac.gov.ru,madeinrussia.gov.ru,gisp.gov.ru,premier.gov.ru,fms.gov.ru,design.gov.ru,beta.gov.ru,science.gov.ru,marine.gov.ru,rta.gov.ru,aiss.gov.ru,award.gov.ru,adm.gov.ru,rar.gov.ru,migrakvota.gov.ru,zapret-info.gov.ru,ar.gov.ru,data.gov.ru,orv.gov.ru,regulation.gov.ru,open.gov.ru,budget.gov.ru,programs.gov.ru,pravo.gov.ru,zakupki.gov.ru,bus.gov.ru,torgi.gov.ru,tkmv.gov.ru,gasu.gov.ru,osm.gov.ru,nac.gov.ru,nic.gov.ru,arctic.gov.ru,smb.gov.ru,ruexport.org,export.gov.ru,pay.gov.ru,reestrmv.gov.ru,abdtp.ru,ekinobilet.fond-kino.ru,www.ac.gov.ru,ec.ac.gov.ru,knd-project.ac.gov.ru,mobileapp.ac.gov.ru,polls.ac.gov.ru,opendataforum.ac.gov.ru,de-pm.ac.gov.ru,itcontest.ac.gov.ru,knd.ac.gov.ru,polling.ac.gov.ru,orgdiv.adm.gov.ru,www.aiss.gov.ru,www.anticartel.ru,b24.apsrf.ru,www.ar.gov.ru,www.archives.ru,online.archives.ru,www.arctic.gov.ru,www.asi.ru,archive.asi.ru,edu.asi.ru,www.edu.asi.ru,chat.edu.asi.ru,static.edu.asi.ru,edutimeline.asi.ru,foresighttrip.asi.ru,www.foresighttrip.asi.ru,forum.asi.ru,m.asi.ru,old.asi.ru,www.award.gov.ru,www.budget.gov.ru,www.bus.gov.ru,www.culture.ru,2015.culture.ru,all.culture.ru,ar.culture.ru,artnight.culture.ru,b1.culture.ru,biblionight.culture.ru,crimea.culture.ru,fond.culture.ru,grants.culture.ru,mail.culture.ru,media.culture.ru,museumnight.culture.ru,old.culture.ru,admin.economy.gov.ru,ais.economy.gov.ru,aisup.economy.gov.ru,ar.economy.gov.ru,comissia.economy.gov.ru,expert.economy.gov.ru,faip.economy.gov.ru,fcp.economy.gov.ru,fgis.economy.gov.ru,services.fgis.economy.gov.ru,fgistp.economy.gov.ru,formodernization.economy.gov.ru,infrfaip.economy.gov.ru,irfaip.economy.gov.ru,nko.economy.gov.ru,oldsmb.economy.gov.ru,opendata.economy.gov.ru,os.economy.gov.ru,oss.economy.gov.ru,pgz.economy.gov.ru,poz.economy.gov.ru,rih.economy.gov.ru,smb.economy.gov.ru,www.economy.gov.ru,www.expert.economy.gov.ru,www.fgis.economy.gov.ru,www.nko.economy.gov.ru,www.rosoez.economy.gov.ru,www3.pgz.economy.gov.ru,www.ed.gov.ru,modern.ed.gov.ru,vak.minobrnauki.gov.ru,vak.ed.gov.ru,vak1.ed.gov.ru,vak2.ed.gov.ru,perechen.vak2.ed.gov.ru,docs.edu.gov.ru,budget.edu.ru,www.educationglobal.ru,app.educationglobal.ru,check.egais.ru,service.egais.ru,update.egais.ru,utm.egais.ru,wiki.egais.ru,www.egrz.ru,www.energourok.ru,bssupgrade.esimo.net,portal.esimo.net,www.esimo.ru,portal.373center.esimo.ru,ak.esimo.ru,gis.esimo.ru,idp.esimo.ru,mk.esimo.ru,ns.esimo.ru,portal.esimo.ru,www.eskigov.ru,392.eskigov.ru,arm.eskigov.ru,auth.eskigov.ru,fgiski.dev.eskigov.ru,er.eskigov.ru,arm.er.eskigov.ru,jira.eskigov.ru,portal.eskigov.ru,rabbitmq.eskigov.ru,reg.eskigov.ru,uviri.eskigov.ru,auth.uviri.eskigov.ru,rabbitmq.uviri.eskigov.ru,www.export.gov.ru,myrosmol.ru,grants.myrosmol.ru,www.fadm.gov.ru,ais.fadm.gov.ru,www.ais.fadm.gov.ru,stat.fadn.gov.ru,sm.fadn.gov.ru,www.fano.gov.ru,forum.fano.gov.ru,www.fapmc.ru,dev.fas.gov.ru,fbusites.fas.gov.ru,faspomnit.fas.gov.ru,en.fas.gov.ru,knd.fas.gov.ru,manager.fas.gov.ru,museum.fas.gov.ru,newsite.fas.gov.ru,nms.fas.gov.ru,oldsite.fas.gov.ru,reestr.fas.gov.ru,region.fas.gov.ru,regions.fas.gov.ru,rnp.fas.gov.ru,socialcast.fas.gov.ru,solutions.fas.gov.ru,torgi.fas.gov.ru,torrent.fas.gov.ru,www.favr.ru,appointment.favr.ru,fin.favr.ru,www.fin.favr.ru,gvr.favr.ru,mail.favr.ru,portal.favr.ru,siu-portal.favr.ru,siu2-portal.favr.ru,smev.favr.ru,staging.favr.ru,www.favt.ru,doc.favt.ru,www.doc.favt.ru,gbr.favt.ru,m.favt.ru,old.favt.ru,prmtu.favt.ru,special.favt.ru,www.fcntp.ru,hub.fcntp.ru,xpir.fcntp.ru,www.fcp-pbdd.ru,www.fcpir.ru,2014.fcpir.ru,konkurs2014.fcpir.ru,www.fcpk.ru,www.fcpkultura.ru,old.fcpkultura.ru,test.fcpkultura.ru,www.fcpnano.ru,www.fedresurs.ru,bankrot.fedresurs.ru,download.fedresurs.ru,facts.fedresurs.ru,se.fedresurs.ru,services.fedresurs.ru,www.fedsfm.ru,www.fedstat.ru,www.ffoms.ru,www.fish.gov.ru,grr.fish.gov.ru,mail.fmbaros.ru,en.fsa.gov.ru,esia.fsa.gov.ru,www.fms.gov.ru,www.fsa.gov.ru,www.esia.fsa.gov.ru,fgis.fsa.gov.ru,forum.fsa.gov.ru,public.fsa.gov.ru,vsrf.ru,supcourt.ru,www.cdep.ru,www.customs.ru,www.fas.gov.ru,www.fsb.ru,www.fso.gov.ru,www.fsrar.ru,en.fssprus.ru,www.fssprus.ru,www.fstec.ru,bdu.fstec.ru,special.fstec.ru,www.fsvps.ru,www.fsvts.gov.ru,www.gfs.ru,www.gost.ru,www.kremlin.ru,eng.kremlin.ru,www.meteorf.ru,cn.mid.ru,de.mid.ru,www.minenergo.gov.ru,special.minfin.ru,www.minkavkaz.gov.ru,www.minprom.gov.ru,www.minstroyrf.ru,www.mintrans.ru,cn.minvr.ru,eng.minvr.ru,voda.mnr.gov.ru,eng.morflot.ru,new.morflot.ru,special.morflot.ru,eng.nalog.ru,www.obrnadzor.gov.ru,www.rosavtodor.ru,www.rosim.ru,new.rosim.ru,www.rosleshoz.gov.ru,www.rosnedra.gov.ru,www.rossvyaz.ru,eng.rossvyaz.ru,eng.rostransnadzor.ru,en.roszeldor.ru,www.russiatourism.ru,last.russiatourism.ru,reestr.russiatourism.ru,limited.rosreserv.ru,eng.mil.ru,calc.arbitr.ru,video-infomat.gosuslugi.ru,www.minsvyaz.ru,156-fz.minsvyaz.ru,2018.minsvyaz.ru,portalkso.ru,covid.digital.gov.ru,covid.economy.gov.ru,veb.ru,pensiya.veb.ru,sib.veb.ru,csr2014.veb.ru,csr2013.veb.ru,regions.veb.ru,zakupki.veb.ru,old.veb.ru,premiya-razvitiya.ru,rosatom.ru,crypto.rosatom.ru,anticor.rosatom.ru,ssc.rosatom.ru,www.sip.arbitr.ru,www.post.arbitr.ru,online.12aas.arbitr.ru,crimea.customs.ru,old.ctu.customs.ru,reception.customs.ru,reboti.customs.ru,old.ptu.customs.ru,proffice.customs.ru,poll.customs.ru,fl.customs.ru,web4.edata.customs.ru,ved.customs.ru,www.nap.rkn.gov.ru,gistek.rosenergo.gov.ru,neftegaz.rosenergo.gov.ru,legacy.roskazna.ru,office.roskazna.ru",,
Ростовская область,"kirovsky.ros.sudrf.ru,zernogradsky.ros.sudrf.ru,voroshilovsky.ros.sudrf.ru,veselovsky.ros.sudrf.ru,ustdonetsky.ros.sudrf.ru,usd.ros.sudrf.ru,taganrogsky.ros.sudrf.ru,shahtinsky.ros.sudrf.ru,salsky.ros.sudrf.ru,remontnensky.ros.sudrf.ru,proletarskys.ros.sudrf.ru,proletarsky.ros.sudrf.ru,myasnikovsky.ros.sudrf.ru,neklinovsky.ros.sudrf.ru,oblivsky.ros.sudrf.ru,oktyabrsky.ros.sudrf.ru,oktyabrskys.ros.sudrf.ru,pervomajsky.ros.sudrf.ru,azovsky.ros.sudrf.ru,belokalitvensky.ros.sudrf.ru,egorlyksky.ros.sudrf.ru,zhldr1.ros.msudrf.ru,zhldr3.ros.msudrf.ru,zhldr5.ros.msudrf.ru,zim2.ros.msudrf.ru,vrsh1.ros.msudrf.ru,vrsh6.ros.msudrf.ru,vrsh7.ros.msudrf.ru,vrsh8.ros.msudrf.ru,vrsh9.ros.msudrf.ru,volgodonsk1.ros.msudrf.ru,volgodonsk2.ros.msudrf.ru,volgodonsk4.ros.msudrf.ru,volgodonsk5.ros.msudrf.ru,volgodonsk6-2.ros.msudrf.ru,taganrog1.ros.msudrf.ru,taganrog10.ros.msudrf.ru,taganrog11.ros.msudrf.ru,taganrog13.ros.msudrf.ru,taganrog4.ros.msudrf.ru,taganrog6.ros.msudrf.ru,taganrog9.ros.msudrf.ru,tcnr1.ros.msudrf.ru,sov2.ros.msudrf.ru,smkrk1.ros.msudrf.ru,shahti4.ros.msudrf.ru,rostov.arbitr.ru,rostov.fas.gov.ru,61.fsin.su,www.61.fsin.su,rostov.gks.ru,rostov.izbirkom.ru,www.rostov.izbirkom.ru,61.mchs.gov.ru,www.61.mchs.gov.ru,to61.minjust.ru,aksaisky1.ros.msudrf.ru,aksaisky3.ros.msudrf.ru,aksaisky4.ros.msudrf.ru,azov2.ros.msudrf.ru,bagaevsky1.ros.msudrf.ru,bagaevsky2.ros.msudrf.ru,bataisk2.ros.msudrf.ru,dubovsky1.ros.msudrf.ru,egrl1.ros.msudrf.ru,gukovo2.ros.msudrf.ru,gukovo3.ros.msudrf.ru,gukovo4.ros.msudrf.ru,kgln2.ros.msudrf.ru,krsn1.ros.msudrf.ru,len1-1.ros.msudrf.ru,mlrn1.ros.msudrf.ru,mlrn3.ros.msudrf.ru,mlrn4.ros.msudrf.ru,mrtn2.ros.msudrf.ru,nchr1.ros.msudrf.ru,nkln1.ros.msudrf.ru,nkln4.ros.msudrf.ru,okt1.ros.msudrf.ru,okt2.ros.msudrf.ru,okt4.ros.msudrf.ru,okt6.ros.msudrf.ru,okt7.ros.msudrf.ru,oktbr4.ros.msudrf.ru,prlt6.ros.msudrf.ru,prlt7.ros.msudrf.ru,prvm2.ros.msudrf.ru,prvm7.ros.msudrf.ru,prvm9.ros.msudrf.ru,pschr1.ros.msudrf.ru,pschr2.ros.msudrf.ru,61.mvd.ru,ershsrs.mvd.ru,rshsrs.mvd.ru,vf.rui.mvd.ru,med.61.mvd.ru,rui.mvd.ru,tu61.rosim.ru,tu61.old.rosim.ru,rostov.roskazna.ru,61.rospotrebnadzor.ru,www.61.rospotrebnadzor.ru,61.sledcom.ru,rostov.sledcom.ru,ros.ssrf.ru,nsvu.mvd.ru,to61.rosreestr.ru,www.to61.rosreestr.ru,pda.to61.rosreestr.ru,git61.rostrud.ru,ugadn61.tu.rostransnadzor.ru,61.rkn.gov.ru,deti.r61.nalog.ru,tag.61.mvd.ru,61.rpn.gov.ru",,
Рязанская область,"www.ryazan.arbitr.ru,ryazan.fas.gov.ru,62.fsin.su,www.62.fsin.su,ryazan.gks.ru,www.ryazan.izbirkom.ru,62.mchs.gov.ru,to62.minjust.ru,38.riz.msudrf.ru,52.riz.msudrf.ru,60.riz.msudrf.ru,62.mvd.ru,msch.62.mvd.ru,rf.mosu.mvd.ru,tu62.rosim.ru,tu71.rosim.ru,tu62.old.rosim.ru,ryazan.roskazna.ru,rvvdku.mil.ru,zheleznodorozhny.riz.sudrf.ru,uholovsky.riz.sudrf.ru,skopinski.riz.sudrf.ru,riazansky.riz.sudrf.ru,oktiabrsky.riz.sudrf.ru,oblsud.riz.sudrf.ru,moskovsky.riz.sudrf.ru,korablinsky.riz.sudrf.ru,kasymovsky.riz.sudrf.ru,rya.ssrf.ru,ryazan.sledcom.ru,62.sledcom.ru,cgie.62.rospotrebnadzor.ru,62.rospotrebnadzor.ru,tu71.old.rosim.ru",,
Самарская область,"krasnoiarsky.sam.sudrf.ru,leninsky.sam.sudrf.ru,novokuibyshevsky.sam.sudrf.ru,oblsud.sam.sudrf.ru,oktyabrsky.sam.sudrf.ru,promyshleny.sam.sudrf.ru,sergievsky.sam.sudrf.ru,shigonsky.sam.sudrf.ru,sovetsky.sam.sudrf.ru,stavropolsky.sam.sudrf.ru,usd.sam.sudrf.ru,volzhsky.sam.sudrf.ru,zheleznodorozhny.sam.sudrf.ru,zhigulevsky.sam.sudrf.ru,www.samara.arbitr.ru,samara.fas.gov.ru,63.fsin.su,www.63.fsin.su,r63.fss.ru,sui.fsin.su,www.sui.fsin.su,samarastat.gks.ru,samara.izbirkom.ru,www.samara.izbirkom.ru,63.mchs.gov.ru,www.63.mchs.gov.ru,to63.minjust.ru,107.sam.msudrf.ru,11.sam.msudrf.ru,110.sam.msudrf.ru,112.sam.msudrf.ru,115.sam.msudrf.ru,13.sam.msudrf.ru,156.sam.msudrf.ru,16.sam.msudrf.ru,19.sam.msudrf.ru,20.sam.msudrf.ru,22.sam.msudrf.ru,26.sam.msudrf.ru,3.sam.msudrf.ru,32.sam.msudrf.ru,35.sam.msudrf.ru,51.sam.msudrf.ru,59.sam.msudrf.ru,81.sam.msudrf.ru,63.mvd.ru,msch.63.mvd.ru,samara.63.mvd.ru,skk.mvd.ru,uvm.63.mvd.ru,tu63.rosim.ru,tu63.old.rosim.ru,samara.roskazna.ru,63.sledcom.ru,samara.sledcom.ru,sam.ssrf.ru,gvs.sam.sudrf.ru,isaklinsky.sam.sudrf.ru,kinelsky.sam.sudrf.ru,kirovsky.sam.sudrf.ru,krasnoglinsky.sam.sudrf.ru,povs.sam.sudrf.ru,avtozavodsky.sam.sudrf.ru,syzransky.sam.sudrf.ru",,
Санкт-Петербург,"www.spb.arbitr.ru,78.fsin.su,www.78.fsin.su,petrostat.gks.ru,78.mvd.ru,msh.78.mvd.ru,spb.fas.gov.ru,spbipkr.fsin.su,www.spbipkr.fsin.su,st-petersburg.izbirkom.ru,www.st-petersburg.izbirkom.ru,78.mchs.gov.ru,www.78.mchs.gov.ru,to78.minjust.ru,admiral.78.mvd.ru,centr.78.mvd.ru,frunz.78.mvd.ru,kalin.78.mvd.ru,kir.78.mvd.ru,kolp.78.mvd.ru,kras.78.mvd.ru,krgv.78.mvd.ru,kron.78.mvd.ru,mosk.78.mvd.ru,nevsk.78.mvd.ru,omvdkurort.78.mvd.ru,peterhof.78.mvd.ru,petr.78.mvd.ru,pushkin.78.mvd.ru,svuspb.mvd.ru,univer.mvd.ru,vo.78.mvd.ru,vyb.78.mvd.ru,tu78.rosim.ru,tu78.old.rosim.ru,piter.roskazna.ru,78.rospotrebnadzor.ru,spb.sledcom.ru,spe.ssrf.ru,frn--spb.sudrf.ru,spblegalforum.ru,reg.spblegalforum.ru,msk.spb.sudrf.ru,oktibrsky--spb.sudrf.ru,sankt-peterburgsky--spb.sudrf.ru,dzr.spb.sudrf.ru,gvs.spb.sudrf.ru,kbs.spb.sudrf.ru,kln.spb.sudrf.ru,klp.spb.sudrf.ru,krn.spb.sudrf.ru,ksl.spb.sudrf.ru,lmn.spb.sudrf.ru,lnn.spb.sudrf.ru,nvs.spb.sudrf.ru,oktibrsky.spb.sudrf.ru,primorsky.spb.sudrf.ru,sankt-peterburgsky.spb.sudrf.ru,smolninsky.spb.sudrf.ru,usd.spb.sudrf.ru,vbr.spb.sudrf.ru,vos.spb.sudrf.ru,vmeda.mil.ru,prim.78.mvd.ru,r78.fssprus.ru,78.gibdd.ru,box.lo.78.mvd.ru,nevskoe.78.mvd.ru,ugadn78.tu.rostransnadzor.ru,git78.rostrud.ru,www.git78.rostrud.ru,78reg.roszdravnadzor.ru,78.rpn.gov.ru,78.rkn.gov.ru,media.spblegalforum.ru,iif.spblegalforum.ru,www.spblegalforum.ru",,
Саратовская область,"saratov.arbitr.ru,www.saratov.arbitr.ru,64.fsin.su,www.64.fsin.su,r64.fss.ru,srtv.gks.ru,saratov.izbirkom.ru,www.saratov.izbirkom.ru,64.mchs.gov.ru,www.64.mchs.gov.ru,to64.minjust.ru,10.sar.msudrf.ru,108.sar.msudrf.ru,109.sar.msudrf.ru,112.sar.msudrf.ru,113.sar.msudrf.ru,114.sar.msudrf.ru,119.sar.msudrf.ru,123.sar.msudrf.ru,124.sar.msudrf.ru,125.sar.msudrf.ru,126.sar.msudrf.ru,129.sar.msudrf.ru,14.sar.msudrf.ru,2.sar.msudrf.ru,20.sar.msudrf.ru,21.sar.msudrf.ru,27.sar.msudrf.ru,3.sar.msudrf.ru,39.sar.msudrf.ru,42.sar.msudrf.ru,43.sar.msudrf.ru,44.sar.msudrf.ru,45.sar.msudrf.ru,48.sar.msudrf.ru,49.sar.msudrf.ru,54.sar.msudrf.ru,59.sar.msudrf.ru,60.sar.msudrf.ru,65.sar.msudrf.ru,68.sar.msudrf.ru,69.sar.msudrf.ru,70.sar.msudrf.ru,72.sar.msudrf.ru,73.sar.msudrf.ru,76.sar.msudrf.ru,8.sar.msudrf.ru,89.sar.msudrf.ru,93.sar.msudrf.ru,98.sar.msudrf.ru,sar.msudrf.ru,64.mvd.ru,arkadak.64.mvd.ru,atkarsk.64.mvd.ru,balakovo.64.mvd.ru,balashov.64.mvd.ru,bkarabulak.64.mvd.ru,dergachi.64.mvd.ru,engels.64.mvd.ru,ershov.64.mvd.ru,kalinin.64.mvd.ru,karm.64.mvd.ru,krkut.64.mvd.ru,marks.64.mvd.ru,msch.64.mvd.ru,nuzensk.64.mvd.ru,petrovsk.64.mvd.ru,pugachev.64.mvd.ru,rtishev.64.mvd.ru,sar.64.mvd.ru,sovet.64.mvd.ru,svet.64.mvd.ru,tatishevo.64.mvd.ru,umvd.64.mvd.ru,tu64.rosim.ru,tu64.old.rosim.ru,saratov.roskazna.ru,64.rospotrebnadzor.ru,64.sledcom.ru,saratov.sledcom.ru,sar.ssrf.ru,balashovsky.sar.sudrf.ru,engelsky.sar.sudrf.ru,ershovsky.sar.sudrf.ru,fr.sar.sudrf.ru,marksovsky.sar.sudrf.ru,oblsud.sar.sudrf.ru,oktyabrsky.sar.sudrf.ru,petrovsky.sar.sudrf.ru,pugachevsky.sar.sudrf.ru,volzhsky.sar.sudrf.ru,zavodskoi.sar.sudrf.ru,svki.rosgvard.ru,arkadaksky.sar.sudrf.ru,balakovsky.sar.sudrf.ru",,
Сахалинская область,"usd.sah.sudrf.ru,uglegorskiy.sah.sudrf.ru,timovskiy.sah.sudrf.ru,smirnihovskiy.sah.sudrf.ru,ohinskiy.sah.sudrf.ru,oblsud.sah.sudrf.ru,holmskiy.sah.sudrf.ru,sakhalin.arbitr.ru,www.sakhalin.arbitr.ru,www.65.fsin.su,sakhalinstat.gks.ru,sakhalin.izbirkom.ru,www.sakhalin.izbirkom.ru,65.mchs.gov.ru,www.65.mchs.gov.ru,to65.minjust.ru,26.sah.msudrf.ru,27.sah.msudrf.ru,30.sah.msudrf.ru,65.mvd.ru,msh.65.mvd.ru,www.65.mvd.ru,tu65.rosim.ru,tu65.old.rosim.ru,sahalin.roskazna.ru,65.rospotrebnadzor.ru,sakh.sledcom.ru,sak.ssrf.ru,24.sah.msudrf.ru",,
Свердловская область,"1kir.svd.msudrf.ru,kirovsky.svd.sudrf.ru,usd.svd.sudrf.ru,talicky.svd.sudrf.ru,sysertsky.svd.sudrf.ru,serovsky.svd.sudrf.ru,pervouralsky.svd.sudrf.ru,novolialinsky.svd.sudrf.ru,novouralsky.svd.sudrf.ru,oblsud.svd.sudrf.ru,oktiabrsky.svd.sudrf.ru,krasnoufimsky.svd.sudrf.ru,lesnoy.svd.sudrf.ru,neviansky.svd.sudrf.ru,achitsky.svd.sudrf.ru,beloyarsky.svd.sudrf.ru,berezovsky.svd.sudrf.ru,chkalovsky.svd.sudrf.ru,dzerzhinsky.svd.sudrf.ru,irbitsky.svd.sudrf.ru,kachkanarsky.svd.sudrf.ru,kamensky.svd.sudrf.ru,karpinsky.svd.sudrf.ru,verhnesaldinsky.svd.sudrf.ru,revdinsky--svd.sudrf.ru,oblsud--svd.sudrf.ru,svd.msudrf.ru,10len.svd.msudrf.ru,ekaterinburg.arbitr.ru,www.ekaterinburg.arbitr.ru,sverdlovsk.fas.gov.ru,66.fsin.su,www.66.fsin.su,r66.fss.ru,sverdl.gks.ru,www.sverdlovsk.izbirkom.ru,66.mchs.gov.ru,www.66.mchs.gov.ru,to66.minjust.ru,1asb.svd.msudrf.ru,1chk.svd.msudrf.ru,1dzr.svd.msudrf.ru,1kach.svd.msudrf.ru,1nvl.svd.msudrf.ru,1okt.svd.msudrf.ru,1ord.svd.msudrf.ru,1serov.svd.msudrf.ru,1vp.svd.msudrf.ru,2bogr.svd.msudrf.ru,2serov.svd.msudrf.ru,2sur.svd.msudrf.ru,2vis.svd.msudrf.ru,3asb.svd.msudrf.ru,3kamr.svd.msudrf.ru,3lenr.svd.msudrf.ru,3ord.svd.msudrf.ru,3serov.svd.msudrf.ru,3vis.svd.msudrf.ru,3vp.svd.msudrf.ru,4ord.svd.msudrf.ru,4serov.svd.msudrf.ru,4sin.svd.msudrf.ru,4tag.svd.msudrf.ru,5len.svd.msudrf.ru,5okt.svd.msudrf.ru,5ord.svd.msudrf.ru,5pur.svd.msudrf.ru,5serov.svd.msudrf.ru,6chk.svd.msudrf.ru,6ord.svd.msudrf.ru,7len.svd.msudrf.ru,8len.svd.msudrf.ru,gar.svd.msudrf.ru,serovr.svd.msudrf.ru,66.mvd.ru,tu66.rosim.ru,tu66.old.rosim.ru,sverdlovsk.roskazna.ru,66.sledcom.ru,sverdlovsk.sledcom.ru,sve.ssrf.ru",,
Севастополь,"balaklavskiy.sev.sudrf.ru,gagarinskiy.sev.sudrf.ru,gvs.sev.sudrf.ru,krim.fsin.su,crimea.gks.ru,82.rospotrebnadzor.ru,crim.sledcom.ru,sevastopol.sledcom.ru,sev.ssrf.ru,sevastopol.roskazna.ru,msh.92.mvd.ru,92.mvd.ru,www.92.mchs.gov.ru,92.mchs.gov.ru,www.sevastopol.izbirkom.ru,sevastopol.izbirkom.ru,r92.fss.ru,sevastopol.arbitr.ru,sev.vkks.ru",,
Смоленская область,"smolensk.arbitr.ru,www.smolensk.arbitr.ru,67.fsin.su,www.67.fsin.su,r67.fss.ru,www.r67.fss.ru,sml.gks.ru,www.smolensk.izbirkom.ru,67.mchs.gov.ru,www.67.mchs.gov.ru,to67.minjust.ru,67.mvd.ru,msh.67.mvd.ru,tu67.rosim.ru,tu67.old.rosim.ru,smolensk.roskazna.ru,67.rospotrebnadzor.ru,67.sledcom.ru,smolensk.sledcom.ru,smo.ssrf.ru,demidov.sml.sudrf.ru,desnogorsk.sml.sudrf.ru,duhovschina.sml.sudrf.ru,krasny.sml.sudrf.ru,leninsky.sml.sudrf.ru,oblsud.sml.sudrf.ru,pochinok.sml.sudrf.ru,safonovo.sml.sudrf.ru,yarcevo.sml.sudrf.ru,tu40.rosim.ru",,
Ставропольский край,"stavropol.arbitr.ru,www.stavropol.arbitr.ru,stavropol.fas.gov.ru,26.fsin.su,www.26.fsin.su,stavropol.izbirkom.ru,26.mchs.gov.ru,www.stavropol.izbirkom.ru,to26.minjust.ru,26.mvd.ru,stavf.krdu.mvd.ru,stavropolskij.63.mvd.ru,tu26.rosim.ru,tu26.old.rosim.ru,stavropol.roskazna.ru,26.rospotrebnadzor.ru,www.26.rospotrebnadzor.ru,26.sledcom.ru,stavropol.sledcom.ru,sta.ssrf.ru,aleksandrovsky.stv.sudrf.ru,budenovsky.stv.sudrf.ru,essentuksky.stv.sudrf.ru,kislovodsky.stv.sudrf.ru,kochubeevsky.stv.sudrf.ru,kursky.stv.sudrf.ru,mineralovodsky.stv.sudrf.ru,neftekumsky.stv.sudrf.ru,oktyabrsky.stv.sudrf.ru,piatigorsky.stv.sudrf.ru,predgorny.stv.sudrf.ru,shpakovsky.stv.sudrf.ru,stepnovsky.stv.sudrf.ru,turkmensky.stv.sudrf.ru,usd.stv.sudrf.ru,zheleznovodsky.stv.sudrf.ru,arhiz.dt.mvd.ru",,
Тамбовская область,"tambov.arbitr.ru,www.68.mchs.gov.ru,www.tambov.arbitr.ru,tambov.fas.gov.ru,68.fsin.su,tmb.gks.ru,68.mchs.gov.ru,to68.minjust.ru,1okt.tmb.msudrf.ru,2morsh.tmb.msudrf.ru,68.mvd.ru,msch.68.mvd.ru,tu68.rosim.ru,tu68.old.rosim.ru,tambov.roskazna.ru,68.rospotrebnadzor.ru,68.sledcom.ru,tambov.sledcom.ru,tam.ssrf.ru,bondarsky.tmb.sudrf.ru,oblsud.tmb.sudrf.ru,sud20.tmb.sudrf.ru,sud23.tmb.sudrf.ru,sud2468.tmb.sudrf.ru,tgvs.tmb.sudrf.ru,1rassk.tmb.msudrf.ru,1morsh.tmb.msudrf.ru,tambov.izbirkom.ru,www.tambov.izbirkom.ru",,
Тверская область,"tver.arbitr.ru,www.tver.arbitr.ru,69.fsin.su,www.69.fsin.su,www.r69.fss.ru,tverstat.gks.ru,69.mchs.gov.ru,www.69.mchs.gov.ru,to69.minjust.ru,69.mvd.ru,msch.69.mvd.ru,tf.mosu.mvd.ru,tu69.rosim.ru,tu69.old.rosim.ru,tver.roskazna.ru,69.rospotrebnadzor.ru,69.sledcom.ru,tver.sledcom.ru,tve.ssrf.ru,kaliazinsky.twr.sudrf.ru,kimrsky.twr.sudrf.ru,nelidovsky.twr.sudrf.ru,oblsud.twr.sudrf.ru,oleninsky.twr.sudrf.ru,ostashkovsky.twr.sudrf.ru,proletarsky.twr.sudrf.ru,rzhevsky.twr.sudrf.ru,sonkovsky.twr.sudrf.ru,torzhoksky.twr.sudrf.ru,udomelsky.twr.sudrf.ru,usd.twr.sudrf.ru,vyshnevolocky.twr.sudrf.ru,zavolzhsky.twr.sudrf.ru,zharkovsky.twr.sudrf.ru,niiit.fsin.su,tver.izbirkom.ru,www.tver.izbirkom.ru",,
Томская область,"www.tomsk.arbitr.ru,tomsk.fas.gov.ru,ti.fsin.su,tmsk.gks.ru,www.tomsk.izbirkom.ru,70.mchs.gov.ru,to70.minjust.ru,70.mvd.ru,msh.70.mvd.ru,tu42.rosim.ru,tu70.rosim.ru,tu70.old.rosim.ru,tomsk.roskazna.ru,70.rospotrebnadzor.ru,www.70.rospotrebnadzor.ru,tomsk.sledcom.ru,tom.ssrf.ru,kargosoksky.tms.sudrf.ru,kolpashevsky.tms.sudrf.ru,oblsud.tms.sudrf.ru,oktiabrsky.tms.sudrf.ru,sovetsky.tms.sudrf.ru,tomsky.tms.sudrf.ru,tomskygvs.tms.sudrf.ru,usd.tms.sudrf.ru,www.70.mchs.gov.ru",,
Тульская область,"tu71.rosim.ru,tu71.old.rosim.ru,71.mvd.ru,msh.71.mvd.ru,71.mchs.gov.ru,www.tula.izbirkom.ru,tula.izbirkom.ru,tulastat.gks.ru,r71.fss.ru,www.71.fsin.su,71.fsin.su,tula.fas.gov.ru,www.tula.arbitr.ru,tula.arbitr.ru,tula.roskazna.ru,71.rospotrebnadzor.ru,71.sledcom.ru,tula.sledcom.ru,tul.ssrf.ru,kireevsky--tula.sudrf.ru,aleksinsky.tula.sudrf.ru,bogorodicky.tula.sudrf.ru,centralny.tula.sudrf.ru,efremovsky.tula.sudrf.ru,kimovsky.tula.sudrf.ru,leninsky.tula.sudrf.ru,novomoskovsky.tula.sudrf.ru,oblsud.tula.sudrf.ru,schekinsky.tula.sudrf.ru,sovetsky.tula.sudrf.ru,usd.tula.sudrf.ru,venevsky.tula.sudrf.ru,to71.minjust.ru,dubensky.tula.sudrf.ru",,
Тюменская область,"tumen.arbitr.ru,www.tumen.arbitr.ru,tyumen.fas.gov.ru,72.fsin.su,www.72.fsin.su,tumstat.gks.ru,www.tyumen.izbirkom.ru,to72.minjust.ru,cen2.tyum.msudrf.ru,cen3.tyum.msudrf.ru,cen5.tyum.msudrf.ru,gyalut1.tyum.msudrf.ru,gyalut2.tyum.msudrf.ru,kalin1.tyum.msudrf.ru,kalin2.tyum.msudrf.ru,len3.tyum.msudrf.ru,len8.tyum.msudrf.ru,rtyum1.tyum.msudrf.ru,rtyum2.tyum.msudrf.ru,rtyum4.tyum.msudrf.ru,ryalut1.tyum.msudrf.ru,tyum.msudrf.ru,uvat.tyum.msudrf.ru,msch.72.mvd.ru,umvd72.mvd.ru,tu72.old.rosim.ru,tumen.roskazna.ru,72.rospotrebnadzor.ru,tniikip.rospotrebnadzor.ru,72.sledcom.ru,tyumen.sledcom.ru,tyu.ssrf.ru,abatsky.tum.sudrf.ru,armizonsky.tum.sudrf.ru,berduzhsky.tum.sudrf.ru,leninsky.tum.sudrf.ru,nizhnetavdinsky.tum.sudrf.ru,oblsud.tum.sudrf.ru,tumensky.tum.sudrf.ru,usd.tum.sudrf.ru,yalutorovsky.tum.sudrf.ru,tu72.rosim.ru,tvviku.mil.ru,72.mvd.ru,www.tyumen.vybory.izbirkom.ru,tyumen.fsb.ru,72.mchs.gov.ru",,
Удмуртская республика,"udmurtiya.arbitr.ru,www.udmurtiya.arbitr.ru,18.fsin.su,www.18.fsin.su,r18.fss.ru,www.r18.fss.ru,udmstat.gks.ru,udmurt.izbirkom.ru,www.udmurt.izbirkom.ru,18.mchs.gov.ru,www.18.mchs.gov.ru,to18.minjust.ru,alnashmir.udm.msudrf.ru,glazmir2.udm.msudrf.ru,igramir2.udm.msudrf.ru,indmir1.udm.msudrf.ru,indmir3.udm.msudrf.ru,lenmir1.udm.msudrf.ru,lenmir2.udm.msudrf.ru,lenmir3.udm.msudrf.ru,lenmir6.udm.msudrf.ru,octmir1.udm.msudrf.ru,octmir3.udm.msudrf.ru,octmir6.udm.msudrf.ru,octmir7.udm.msudrf.ru,pervomir3.udm.msudrf.ru,sharmir.udm.msudrf.ru,ustmir2.udm.msudrf.ru,ustmir3.udm.msudrf.ru,ustmir5.udm.msudrf.ru,ustmir6.udm.msudrf.ru,votmir1.udm.msudrf.ru,votmir3.udm.msudrf.ru,zavmir3.udm.msudrf.ru,18.mvd.ru,msch.18.mvd.ru,tu18.rosim.ru,tu18.old.rosim.ru,udmurtia.roskazna.ru,18.rospotrebnadzor.ru,18.sledcom.ru,udm.sledcom.ru,ud.ssrf.ru,balezinskiy.udm.sudrf.ru,glazovskiygor.udm.sudrf.ru,malopurginskiy.udm.sudrf.ru,mozhginskiygor.udm.sudrf.ru,sarapulskiy.udm.sudrf.ru,sarapulskiygor.udm.sudrf.ru,usd.udm.sudrf.ru,uvinskiy.udm.sudrf.ru,vs.udm.sudrf.ru,yukamenskiy.udm.sudrf.ru,zavyalovskiy.udm.sudrf.ru,leninskiy.udm.sudrf.ru",,
Ульяновская область,"inzenskiy.uln.sudrf.ru,leninskiy.uln.sudrf.ru,mainskiy.uln.sudrf.ru,usd.uln.sudrf.ru,zasvijajskiy.uln.sudrf.ru,zavolgskiy.uln.sudrf.ru,zjeleznodorogniy.uln.sudrf.ru,alarsky.uso.sudrf.ru,osinsky.uso.sudrf.ru,ulgsvu.mil.ru,tu73.rosim.ru,tu73.old.rosim.ru,ulyanovsk.roskazna.ru,73.rospotrebnadzor.ru,73.sledcom.ru,ulyanovsk.sledcom.ru,uly.ssrf.ru,3zavolrn.uln.msudrf.ru,3zdrn.uln.msudrf.ru,5lenrn.uln.msudrf.ru,6lenrn.uln.msudrf.ru,7zavolrn.uln.msudrf.ru,8zavolrn.uln.msudrf.ru,9zavolrn.uln.msudrf.ru,73.mvd.ru,med.73.mvd.ru,uln.gks.ru,73.mchs.gov.ru,www.73.mchs.gov.ru,to73.minjust.ru,1melrn.uln.msudrf.ru,1zdrn.uln.msudrf.ru,2zdrn.uln.msudrf.ru,3dmitrovgrad.uln.msudrf.ru,3zasvrn.uln.msudrf.ru,ulyanovsk.arbitr.ru,www.ulyanovsk.arbitr.ru,73.fsin.su,www.73.fsin.su,73.umvdgor.mvd.ru,ulyanovsk.izbirkom.ru,www.ulyanovsk.izbirkom.ru",,
Хабаровский край,"habstat.gks.ru,khabarovsk.arbitr.ru,habarovsk.fas.gov.ru,27.fsin.su,www.27.fsin.su,r27.fss.ru,www.khabarovsk.izbirkom.ru,27.mchs.gov.ru,www.27.mchs.gov.ru,to27.minjust.ru,13.hbr.msudrf.ru,21.hbr.msudrf.ru,23.hbr.msudrf.ru,25.hbr.msudrf.ru,28.hbr.msudrf.ru,45.hbr.msudrf.ru,68.hbr.msudrf.ru,70.hbr.msudrf.ru,71.hbr.msudrf.ru,27.mvd.ru,msch.27.mvd.ru,tu27.old.rosim.ru,khabarovsk.roskazna.ru,27.rospotrebnadzor.ru,www.27.rospotrebnadzor.ru,hniiem.rospotrebnadzor.ru,eao.sledcom.ru,kha.ssrf.ru,a-maisky.hbr.sudrf.ru,amursky.hbr.sudrf.ru,bikinsky.hbr.sudrf.ru,centralnyr.hbr.sudrf.ru,habargvs.hbr.sudrf.ru,habarovskyr.hbr.sudrf.ru,komsomolsky.hbr.sudrf.ru,krasnoflotsky.hbr.sudrf.ru,lazo.hbr.sudrf.ru,leninsky.hbr.sudrf.ru,nanaysky.hbr.sudrf.ru,ohotsky.hbr.sudrf.ru,osipenko.hbr.sudrf.ru,s-gavansky.hbr.sudrf.ru,solnechniy.hbr.sudrf.ru,usd.hbr.sudrf.ru,zheleznodorozhny.hbr.sudrf.ru,khabkray.sledcom.ru,tu27.rosim.ru,knagvs.hbr.sudrf.ru,centralny.hbr.sudrf.ru,35.hbr.msudrf.ru",,
Ханты-Мансийский автономный округ,"tumstat.gks.ru,tu72.rosim.ru,hmao.arbitr.ru,hmao.fas.gov.ru,86.fsin.su,www.86.fsin.su,www.hmao.izbirkom.ru,www.khantu-mansy.izbirkom.ru,86.mchs.gov.ru,www.86.mchs.gov.ru,to86.minjust.ru,86.mvd.ru,msch.86.mvd.ru,tu86.rosim.ru,tu86.old.rosim.ru,hantymansiysk.roskazna.ru,86.sledcom.ru,hmao.sledcom.ru,khm.ssrf.ru,hmray.hmao.sudrf.ru,kogalym.hmao.sudrf.ru,oblsud.hmao.sudrf.ru,oktb.hmao.sudrf.ru,pth.hmao.sudrf.ru,uganskray.hmao.sudrf.ru,uray.hmao.sudrf.ru,vartovray.hmao.sudrf.ru",,
Челябинская область,"chel.arbitr.ru,chel.fas.gov.ru,74.fsin.su,www.74.fsin.su,r74.fss.ru,www.r74.fss.ru,chelstat.gks.ru,chelyabinsk.izbirkom.ru,www.chelyabinsk.izbirkom.ru,74.mchs.gov.ru,www.74.mchs.gov.ru,to74.minjust.ru,centrchel2.chel.msudrf.ru,centrchel8.chel.msudrf.ru,chebarkul1.chel.msudrf.ru,kalininchel2.chel.msudrf.ru,kalininchel3.chel.msudrf.ru,kurchel7.chel.msudrf.ru,kurchel8.chel.msudrf.ru,kyshtymchel2.chel.msudrf.ru,leninchel1.chel.msudrf.ru,leninchel2.chel.msudrf.ru,leninchel3.chel.msudrf.ru,ozerskchel1.chel.msudrf.ru,ozerskchel2.chel.msudrf.ru,satkachel3.chel.msudrf.ru,sovchel3.chel.msudrf.ru,tzrchel2.chel.msudrf.ru,uyskchel1.chel.msudrf.ru,yuzhchel1.chel.msudrf.ru,74.mvd.ru,www.74.mvd.ru,tu74.rosim.ru,tu74.old.rosim.ru,chelyabinsk.roskazna.ru,74.rospotrebnadzor.ru,74.sledcom.ru,chel.sledcom.ru,che.ssrf.ru,agap.chel.sudrf.ru,asha.chel.sudrf.ru,centr.chel.sudrf.ru,chesm.chel.sudrf.ru,chgvs.chel.sudrf.ru,etkul.chel.sudrf.ru,kart.chel.sudrf.ru,kasli.chel.sudrf.ru,kopeysk.chel.sudrf.ru,kurt.chel.sudrf.ru,kusa.chel.sudrf.ru,lench.chel.sudrf.ru,maglen.chel.sudrf.ru,magprav.chel.sudrf.ru,miass.chel.sudrf.ru,nagaib.chel.sudrf.ru,nyzepetr.chel.sudrf.ru,sovetsky.chel.sudrf.ru,trexg.chel.sudrf.ru,troickg.chel.sudrf.ru,ukatav.chel.sudrf.ru,usd.chel.sudrf.ru,vural.chel.sudrf.ru,ordjomag3.chel.msudrf.ru,pravmag3.chel.msudrf.ru,chel.74.mvd.ru,mgvs.chel.sudrf.ru,www.chelyabinsk.vybory.izbirkom.ru",,
Чеченская республика,"to20.minjust.ru,tu20.rosim.ru,tu20.old.rosim.ru,20.rospotrebnadzor.ru,20.rpn.gov.ru,git20.rostrud.ru,www.git20.rostrud.ru,deti.r20.nalog.ru,20.fsin.su,www.20.fsin.su,r20.fssprus.ru,www.r20.fssprus.ru,chechnya.arbitr.ru,chechenstat.gks.ru,chechen.izbirkom.ru,www.chechen.izbirkom.ru,95.mchs.gov.ru,www.95.mchs.gov.ru,95.mvd.ru,msh.95.mvd.ru,shelkovsky.chn.sudrf.ru,usd.chn.sudrf.ru,vs.chn.sudrf.ru,chechnya.roskazna.ru,95.sledcom.ru,chr.sledcom.ru,ce.ssrf.ru,gsvu.mvd.ru",,
Чувашская Республика,"chuvashia.arbitr.ru,chuvashia.fas.gov.ru,21.fsin.su,www.21.fsin.su,r21.fss.ru,chuvash.gks.ru,www.chuvash.izbirkom.ru,21.mchs.gov.ru,to21.minjust.ru,21.mvd.ru,msch.21.mvd.ru,tu21.rosim.ru,tu13.old.rosim.ru,tu21.old.rosim.ru,chuvashia.roskazna.ru,21.rospotrebnadzor.ru,21.sledcom.ru,chuvashia.sledcom.ru,cu.ssrf.ru,alatirsky.chv.sudrf.ru,civilsky.chv.sudrf.ru,ibresinsky.chv.sudrf.ru,kalininsky.chv.sudrf.ru,kozlovsky.chv.sudrf.ru,krasnoarmeisky.chv.sudrf.ru,leninsky.chv.sudrf.ru,mariinsko-posadsky.chv.sudrf.ru,novocheboksarsky.chv.sudrf.ru,shumerlinsky.chv.sudrf.ru,urmarsky.chv.sudrf.ru,usd.chv.sudrf.ru,vs.chv.sudrf.ru,vurnarsky.chv.sudrf.ru,www.chuvash.gks.ru,mos8.chv.msudrf.ru,tu13.rosim.ru,www.chuvash.vybory.izbirkom.ru",,
Чукотский автономный округ,"habstat.gks.ru,to49.minjust.ru,87.mvd.ru,msh.87.mvd.ru,tu87.rosim.ru,tu87.old.rosim.ru,chukotka.roskazna.ru,87.sledcom.ru,chukotka.sledcom.ru,chu.ssrf.ru,www.87.mchs.gov.ru,87.mchs.gov.ru,chukotka.arbitr.ru,chao.msudrf.ru,chukotka.cikrf.ru,chukot.izbirkom.ru,www.chukot.izbirkom.ru",,
Ямало-Ненецкий автономный округ,"tumstat.gks.ru,tu72.rosim.ru,89.rospotrebnadzor.ru,www.yamal.arbitr.ru,yamal.arbitr.ru,yamal.fas.gov.ru,89.fsin.su,www.89.fsin.su,r89.fss.ru,yamal-nenetsk.izbirkom.ru,89.mchs.gov.ru,www.89.mchs.gov.ru,to89.minjust.ru,89.mvd.ru,msch89.mvd.ru,tu89.rosim.ru,tu89.old.rosim.ru,yamalo-nenetskiy.roskazna.ru,yanao.sledcom.ru,yan.ssrf.ru,labytnangsky.ynao.sudrf.ru,noyabrsky.ynao.sudrf.ru,priuralsky.ynao.sudrf.ru,nadym2.ynao.msudrf.ru,usd.ynao.sudrf.ru,gbk1.ynao.msudrf.ru,mrv1.ynao.msudrf.ru,mrv2.ynao.msudrf.ru,n-urengoi2.ynao.msudrf.ru,n-urengoi3.ynao.msudrf.ru,ndm.ynao.msudrf.ru,noyabrsk1.ynao.msudrf.ru,noyabrsk2.ynao.msudrf.ru,noyabrsk5.ynao.msudrf.ru,prv1.ynao.msudrf.ru,prv2.ynao.msudrf.ru,prv3.ynao.msudrf.ru,salehard1.ynao.msudrf.ru,www.yamal-nenetsk.izbirkom.ru,www.yamal-nenetsk.vybory.izbirkom.ru",,
Ярославская область,"yaroslavl.sledcom.ru,www.yaroslavl.arbitr.ru,yaroslavl.arbitr.ru,old.yaroslavl.roskazna.ru,yaroslavl.roskazna.ru,www.yaroslavl.fsb.ru,yaroslavl.fsb.ru,www.yaroslavl.vybory.izbirkom.ru,yaroslavl.izbirkom.ru,www.yaroslavl.izbirkom.ru,tu33.rosim.ru,76.fsin.su,www.76.fsin.su,yar.gks.ru,76.mchs.gov.ru,to76.minjust.ru,1dan.jrs.msudrf.ru,1dzr.jrs.msudrf.ru,1frn.jrs.msudrf.ru,1kir.jrs.msudrf.ru,1len.jrs.msudrf.ru,1nekr.jrs.msudrf.ru,1rst.jrs.msudrf.ru,2frn.jrs.msudrf.ru,2krp.jrs.msudrf.ru,2zav.jrs.msudrf.ru,3len.jrs.msudrf.ru,3prs.jrs.msudrf.ru,3rst.jrs.msudrf.ru,4len.jrs.msudrf.ru,5frn.jrs.msudrf.ru,5zav.jrs.msudrf.ru,76.mvd.ru,maloyaroslavec.40.mvd.ru,msch.76.mvd.ru,www.76.mvd.ru,tu76.rosim.ru,76.sledcom.ru,yar.ssrf.ru,kirovsky.jrs.sudrf.ru,danilovsky.jrs.sudrf.ru,frunzensky.jrs.sudrf.ru,leninsky.jrs.sudrf.ru,oblsud.jrs.sudrf.ru,rostovsky.jrs.sudrf.ru,uglichsky.jrs.sudrf.ru,yargvs.jrs.sudrf.ru,yaroslavsky.jrs.sudrf.ru",,